slug,start,program,period,pool,target,disc,max_spread
atc-mlb-nyy-tb-2026-10-05-f5-draw,1791244800.0,mlb_wc_team_props_day_of_20260929,day_of,350,4000,0.2,
atc-mlb-nyy-tb-2026-10-05-f5-draw,1791244800.0,mlb_wc_team_props_live_20260929,live,425,4000,0.25,
atc-mlb-nyy-tb-2026-10-05-f5-nyy,1791244800.0,mlb_wc_team_props_day_of_20260929,day_of,350,4000,0.2,
atc-mlb-nyy-tb-2026-10-05-f5-nyy,1791244800.0,mlb_wc_team_props_live_20260929,live,425,4000,0.25,
atc-mlb-nyy-tb-2026-10-05-f5-tb,1791244800.0,mlb_wc_team_props_day_of_20260929,day_of,350,4000,0.2,
atc-mlb-nyy-tb-2026-10-05-f5-tb,1791244800.0,mlb_wc_team_props_live_20260929,live,425,4000,0.25,
atc-mlb-nyy-tb-2026-10-05-i1-draw,1791244800.0,mlb_wc_team_props_day_of_20260929,day_of,350,4000,0.2,
atc-mlb-nyy-tb-2026-10-05-i1-draw,1791244800.0,mlb_wc_team_props_live_20260929,live,425,4000,0.25,
atc-mlb-nyy-tb-2026-10-05-i1-nyy,1791244800.0,mlb_wc_team_props_day_of_20260929,day_of,350,4000,0.2,
atc-mlb-nyy-tb-2026-10-05-i1-nyy,1791244800.0,mlb_wc_team_props_live_20260929,live,425,4000,0.25,
atc-mlb-nyy-tb-2026-10-05-i1-tb,1791244800.0,mlb_wc_team_props_day_of_20260929,day_of,350,4000,0.2,
atc-mlb-nyy-tb-2026-10-05-i1-tb,1791244800.0,mlb_wc_team_props_live_20260929,live,425,4000,0.25,
atc-mlb-nyy-tb-2026-10-05-i2-draw,1791244800.0,mlb_wc_team_props_day_of_20260929,day_of,350,4000,0.2,
atc-mlb-nyy-tb-2026-10-05-i2-draw,1791244800.0,mlb_wc_team_props_live_20260929,live,425,4000,0.25,
atc-mlb-nyy-tb-2026-10-05-i2-nyy,1791244800.0,mlb_wc_team_props_day_of_20260929,day_of,350,4000,0.2,
atc-mlb-nyy-tb-2026-10-05-i2-nyy,1791244800.0,mlb_wc_team_props_live_20260929,live,425,4000,0.25,
atc-mlb-nyy-tb-2026-10-05-i2-tb,1791244800.0,mlb_wc_team_props_day_of_20260929,day_of,350,4000,0.2,
atc-mlb-nyy-tb-2026-10-05-i2-tb,1791244800.0,mlb_wc_team_props_live_20260929,live,425,4000,0.25,
atc-mlb-nyy-tb-2026-10-05-i3-draw,1791244800.0,mlb_wc_team_props_day_of_20260929,day_of,350,4000,0.2,
atc-mlb-nyy-tb-2026-10-05-i3-draw,1791244800.0,mlb_wc_team_props_live_20260929,live,425,4000,0.25,
atc-mlb-nyy-tb-2026-10-05-i3-nyy,1791244800.0,mlb_wc_team_props_day_of_20260929,day_of,350,4000,0.2,
atc-mlb-nyy-tb-2026-10-05-i3-nyy,1791244800.0,mlb_wc_team_props_live_20260929,live,425,4000,0.25,
atc-mlb-nyy-tb-2026-10-05-i3-tb,1791244800.0,mlb_wc_team_props_day_of_20260929,day_of,350,4000,0.2,
atc-mlb-nyy-tb-2026-10-05-i3-tb,1791244800.0,mlb_wc_team_props_live_20260929,live,425,4000,0.25,
atc-mlb-nyy-tb-2026-10-05-i4-draw,1791244800.0,mlb_wc_team_props_day_of_20260929,day_of,350,4000,0.2,
atc-mlb-nyy-tb-2026-10-05-i4-draw,1791244800.0,mlb_wc_team_props_live_20260929,live,425,4000,0.25,
atc-mlb-nyy-tb-2026-10-05-i4-nyy,1791244800.0,mlb_wc_team_props_day_of_20260929,day_of,350,4000,0.2,
atc-mlb-nyy-tb-2026-10-05-i4-nyy,1791244800.0,mlb_wc_team_props_live_20260929,live,425,4000,0.25,
atc-mlb-nyy-tb-2026-10-05-i4-tb,1791244800.0,mlb_wc_team_props_day_of_20260929,day_of,350,4000,0.2,
atc-mlb-nyy-tb-2026-10-05-i4-tb,1791244800.0,mlb_wc_team_props_live_20260929,live,425,4000,0.25,
atc-mlb-nyy-tb-2026-10-05-i5-draw,1791244800.0,mlb_wc_team_props_day_of_20260929,day_of,350,4000,0.2,
atc-mlb-nyy-tb-2026-10-05-i5-draw,1791244800.0,mlb_wc_team_props_live_20260929,live,425,4000,0.25,
atc-mlb-nyy-tb-2026-10-05-i5-nyy,1791244800.0,mlb_wc_team_props_day_of_20260929,day_of,350,4000,0.2,
atc-mlb-nyy-tb-2026-10-05-i5-nyy,1791244800.0,mlb_wc_team_props_live_20260929,live,425,4000,0.25,
atc-mlb-nyy-tb-2026-10-05-i5-tb,1791244800.0,mlb_wc_team_props_day_of_20260929,day_of,350,4000,0.2,
atc-mlb-nyy-tb-2026-10-05-i5-tb,1791244800.0,mlb_wc_team_props_live_20260929,live,425,4000,0.25,
atc-mlb-nyy-tb-2026-10-05-i6-draw,1791244800.0,mlb_wc_team_props_day_of_20260929,day_of,350,4000,0.2,
atc-mlb-nyy-tb-2026-10-05-i6-draw,1791244800.0,mlb_wc_team_props_live_20260929,live,425,4000,0.25,
atc-mlb-nyy-tb-2026-10-05-i6-nyy,1791244800.0,mlb_wc_team_props_day_of_20260929,day_of,350,4000,0.2,
atc-mlb-nyy-tb-2026-10-05-i6-nyy,1791244800.0,mlb_wc_team_props_live_20260929,live,425,4000,0.25,
atc-mlb-nyy-tb-2026-10-05-i6-tb,1791244800.0,mlb_wc_team_props_day_of_20260929,day_of,350,4000,0.2,
atc-mlb-nyy-tb-2026-10-05-i6-tb,1791244800.0,mlb_wc_team_props_live_20260929,live,425,4000,0.25,
atc-mlb-nyy-tb-2026-10-05-i7-draw,1791244800.0,mlb_wc_team_props_day_of_20260929,day_of,350,4000,0.2,
atc-mlb-nyy-tb-2026-10-05-i7-draw,1791244800.0,mlb_wc_team_props_live_20260929,live,425,4000,0.25,
atc-mlb-nyy-tb-2026-10-05-i7-nyy,1791244800.0,mlb_wc_team_props_day_of_20260929,day_of,350,4000,0.2,
atc-mlb-nyy-tb-2026-10-05-i7-nyy,1791244800.0,mlb_wc_team_props_live_20260929,live,425,4000,0.25,
atc-mlb-nyy-tb-2026-10-05-i7-tb,1791244800.0,mlb_wc_team_props_day_of_20260929,day_of,350,4000,0.2,
atc-mlb-nyy-tb-2026-10-05-i7-tb,1791244800.0,mlb_wc_team_props_live_20260929,live,425,4000,0.25,
atc-mlb-nyy-tb-2026-10-05-i8-draw,1791244800.0,mlb_wc_team_props_day_of_20260929,day_of,350,4000,0.2,
atc-mlb-nyy-tb-2026-10-05-i8-draw,1791244800.0,mlb_wc_team_props_live_20260929,live,425,4000,0.25,
atc-mlb-nyy-tb-2026-10-05-i8-nyy,1791244800.0,mlb_wc_team_props_day_of_20260929,day_of,350,4000,0.2,
atc-mlb-nyy-tb-2026-10-05-i8-nyy,1791244800.0,mlb_wc_team_props_live_20260929,live,425,4000,0.25,
atc-mlb-nyy-tb-2026-10-05-i8-tb,1791244800.0,mlb_wc_team_props_day_of_20260929,day_of,350,4000,0.2,
atc-mlb-nyy-tb-2026-10-05-i8-tb,1791244800.0,mlb_wc_team_props_live_20260929,live,425,4000,0.25,
atc-mlb-nyy-tb-2026-10-05-i9-draw,1791244800.0,mlb_wc_team_props_day_of_20260929,day_of,350,4000,0.2,
atc-mlb-nyy-tb-2026-10-05-i9-draw,1791244800.0,mlb_wc_team_props_live_20260929,live,425,4000,0.25,
atc-mlb-nyy-tb-2026-10-05-i9-nyy,1791244800.0,mlb_wc_team_props_day_of_20260929,day_of,350,4000,0.2,
atc-mlb-nyy-tb-2026-10-05-i9-nyy,1791244800.0,mlb_wc_team_props_live_20260929,live,425,4000,0.25,
atc-mlb-nyy-tb-2026-10-05-i9-tb,1791244800.0,mlb_wc_team_props_day_of_20260929,day_of,350,4000,0.2,
atc-mlb-nyy-tb-2026-10-05-i9-tb,1791244800.0,mlb_wc_team_props_live_20260929,live,425,4000,0.25,
aec-mlb-nyy-tb-2026-10-05,1791244800.0,mlb_wc_moneyline_day_of_20260929,day_of,175,30000,0.2,
aec-mlb-nyy-tb-2026-10-05,1791244800.0,mlb_wc_moneyline_live_20260929,live,2150,25000,0.25,
asc-mlb-nyy-tb-2026-10-05-f5-neg-1pt5,1791244800.0,mlb_wc_spreads_dayof_20260929,day_of,75,20000,0.2,
asc-mlb-nyy-tb-2026-10-05-f5-neg-1pt5,1791244800.0,mlb_wc_spreads_live_20260929,live,700,10000,0.25,
asc-mlb-nyy-tb-2026-10-05-f5-pos-1pt5,1791244800.0,mlb_wc_spreads_dayof_20260929,day_of,75,20000,0.2,
asc-mlb-nyy-tb-2026-10-05-f5-pos-1pt5,1791244800.0,mlb_wc_spreads_live_20260929,live,700,10000,0.25,
asc-mlb-nyy-tb-2026-10-05-neg-1pt5,1791244800.0,mlb_wc_spreads_dayof_20260929,day_of,75,20000,0.2,
asc-mlb-nyy-tb-2026-10-05-neg-1pt5,1791244800.0,mlb_wc_spreads_live_20260929,live,700,10000,0.25,
asc-mlb-nyy-tb-2026-10-05-neg-2pt5,1791244800.0,mlb_wc_spreads_dayof_20260929,day_of,75,20000,0.2,
asc-mlb-nyy-tb-2026-10-05-neg-2pt5,1791244800.0,mlb_wc_spreads_live_20260929,live,700,10000,0.25,
asc-mlb-nyy-tb-2026-10-05-pos-1pt5,1791244800.0,mlb_wc_spreads_dayof_20260929,day_of,75,20000,0.2,
asc-mlb-nyy-tb-2026-10-05-pos-1pt5,1791244800.0,mlb_wc_spreads_live_20260929,live,700,10000,0.25,
asc-mlb-nyy-tb-2026-10-05-pos-2pt5,1791244800.0,mlb_wc_spreads_dayof_20260929,day_of,75,20000,0.2,
asc-mlb-nyy-tb-2026-10-05-pos-2pt5,1791244800.0,mlb_wc_spreads_live_20260929,live,700,10000,0.25,
astatc-mlb-nyy-tb-2026-10-05-er-camsch-gte1,1791244800.0,mlb_wc_player_props_day_of_20260929,day_of,850,4000,0.2,
astatc-mlb-nyy-tb-2026-10-05-er-camsch-gte1,1791244800.0,mlb_wc_player_props_live_20260929,live,1125,4000,0.25,
astatc-mlb-nyy-tb-2026-10-05-er-camsch-gte2,1791244800.0,mlb_wc_player_props_day_of_20260929,day_of,850,4000,0.2,
astatc-mlb-nyy-tb-2026-10-05-er-camsch-gte2,1791244800.0,mlb_wc_player_props_live_20260929,live,1125,4000,0.25,
astatc-mlb-nyy-tb-2026-10-05-er-freper-gte1,1791244800.0,mlb_wc_player_props_day_of_20260929,day_of,850,4000,0.2,
astatc-mlb-nyy-tb-2026-10-05-er-freper-gte1,1791244800.0,mlb_wc_player_props_live_20260929,live,1125,4000,0.25,
astatc-mlb-nyy-tb-2026-10-05-er-freper-gte2,1791244800.0,mlb_wc_player_props_day_of_20260929,day_of,850,4000,0.2,
astatc-mlb-nyy-tb-2026-10-05-er-freper-gte2,1791244800.0,mlb_wc_player_props_live_20260929,live,1125,4000,0.25,
astatc-mlb-nyy-tb-2026-10-05-ha-camsch-gte3,1791244800.0,mlb_wc_player_props_day_of_20260929,day_of,850,4000,0.2,
astatc-mlb-nyy-tb-2026-10-05-ha-camsch-gte3,1791244800.0,mlb_wc_player_props_live_20260929,live,1125,4000,0.25,
astatc-mlb-nyy-tb-2026-10-05-ha-camsch-gte4,1791244800.0,mlb_wc_player_props_day_of_20260929,day_of,850,4000,0.2,
astatc-mlb-nyy-tb-2026-10-05-ha-camsch-gte4,1791244800.0,mlb_wc_player_props_live_20260929,live,1125,4000,0.25,
astatc-mlb-nyy-tb-2026-10-05-ha-camsch-gte5,1791244800.0,mlb_wc_player_props_day_of_20260929,day_of,850,4000,0.2,
astatc-mlb-nyy-tb-2026-10-05-ha-camsch-gte5,1791244800.0,mlb_wc_player_props_live_20260929,live,1125,4000,0.25,
astatc-mlb-nyy-tb-2026-10-05-ha-freper-gte2,1791244800.0,mlb_wc_player_props_day_of_20260929,day_of,850,4000,0.2,
astatc-mlb-nyy-tb-2026-10-05-ha-freper-gte2,1791244800.0,mlb_wc_player_props_live_20260929,live,1125,4000,0.25,
astatc-mlb-nyy-tb-2026-10-05-ha-freper-gte3,1791244800.0,mlb_wc_player_props_day_of_20260929,day_of,850,4000,0.2,
astatc-mlb-nyy-tb-2026-10-05-ha-freper-gte3,1791244800.0,mlb_wc_player_props_live_20260929,live,1125,4000,0.25,
astatc-mlb-nyy-tb-2026-10-05-ha-freper-gte4,1791244800.0,mlb_wc_player_props_day_of_20260929,day_of,850,4000,0.2,
astatc-mlb-nyy-tb-2026-10-05-ha-freper-gte4,1791244800.0,mlb_wc_player_props_live_20260929,live,1125,4000,0.25,
astatc-mlb-nyy-tb-2026-10-05-hits-auswel-gte1,1791244800.0,mlb_wc_player_props_day_of_20260929,day_of,850,4000,0.2,
astatc-mlb-nyy-tb-2026-10-05-hits-auswel-gte1,1791244800.0,mlb_wc_player_props_live_20260929,live,1125,4000,0.25,
astatc-mlb-nyy-tb-2026-10-05-hits-auswel-gte2,1791244800.0,mlb_wc_player_props_day_of_20260929,day_of,850,4000,0.2,
astatc-mlb-nyy-tb-2026-10-05-hits-auswel-gte2,1791244800.0,mlb_wc_player_props_live_20260929,live,1125,4000,0.25,
astatc-mlb-nyy-tb-2026-10-05-hits-auswel-gte3,1791244800.0,mlb_wc_player_props_day_of_20260929,day_of,850,4000,0.2,
astatc-mlb-nyy-tb-2026-10-05-hits-auswel-gte3,1791244800.0,mlb_wc_player_props_live_20260929,live,1125,4000,0.25,
astatc-mlb-nyy-tb-2026-10-05-hits-benric-gte1,1791244800.0,mlb_wc_player_props_day_of_20260929,day_of,850,4000,0.2,
astatc-mlb-nyy-tb-2026-10-05-hits-benric-gte1,1791244800.0,mlb_wc_player_props_live_20260929,live,1125,4000,0.25,
astatc-mlb-nyy-tb-2026-10-05-hits-benric-gte2,1791244800.0,mlb_wc_player_props_day_of_20260929,day_of,850,4000,0.2,
astatc-mlb-nyy-tb-2026-10-05-hits-benric-gte2,1791244800.0,mlb_wc_player_props_live_20260929,live,1125,4000,0.25,
astatc-mlb-nyy-tb-2026-10-05-hits-benric-gte3,1791244800.0,mlb_wc_player_props_day_of_20260929,day_of,850,4000,0.2,
astatc-mlb-nyy-tb-2026-10-05-hits-benric-gte3,1791244800.0,mlb_wc_player_props_live_20260929,live,1125,4000,0.25,
astatc-mlb-nyy-tb-2026-10-05-hits-chasim-gte1,1791244800.0,mlb_wc_player_props_day_of_20260929,day_of,850,4000,0.2,
astatc-mlb-nyy-tb-2026-10-05-hits-chasim-gte1,1791244800.0,mlb_wc_player_props_live_20260929,live,1125,4000,0.25,
astatc-mlb-nyy-tb-2026-10-05-hits-chasim-gte2,1791244800.0,mlb_wc_player_props_day_of_20260929,day_of,850,4000,0.2,
astatc-mlb-nyy-tb-2026-10-05-hits-chasim-gte2,1791244800.0,mlb_wc_player_props_live_20260929,live,1125,4000,0.25,
astatc-mlb-nyy-tb-2026-10-05-hits-chasim-gte3,1791244800.0,mlb_wc_player_props_day_of_20260929,day_of,850,4000,0.2,
astatc-mlb-nyy-tb-2026-10-05-hits-chasim-gte3,1791244800.0,mlb_wc_player_props_live_20260929,live,1125,4000,0.25,
astatc-mlb-nyy-tb-2026-10-05-hits-codbel-gte1,1791244800.0,mlb_wc_player_props_day_of_20260929,day_of,850,4000,0.2,
astatc-mlb-nyy-tb-2026-10-05-hits-codbel-gte1,1791244800.0,mlb_wc_player_props_live_20260929,live,1125,4000,0.25,
astatc-mlb-nyy-tb-2026-10-05-hits-codbel-gte2,1791244800.0,mlb_wc_player_props_day_of_20260929,day_of,850,4000,0.2,
astatc-mlb-nyy-tb-2026-10-05-hits-codbel-gte2,1791244800.0,mlb_wc_player_props_live_20260929,live,1125,4000,0.25,
astatc-mlb-nyy-tb-2026-10-05-hits-codbel-gte3,1791244800.0,mlb_wc_player_props_day_of_20260929,day_of,850,4000,0.2,
astatc-mlb-nyy-tb-2026-10-05-hits-codbel-gte3,1791244800.0,mlb_wc_player_props_live_20260929,live,1125,4000,0.25,
astatc-mlb-nyy-tb-2026-10-05-hits-geolom-gte1,1791244800.0,mlb_wc_player_props_day_of_20260929,day_of,850,4000,0.2,
astatc-mlb-nyy-tb-2026-10-05-hits-geolom-gte1,1791244800.0,mlb_wc_player_props_live_20260929,live,1125,4000,0.25,
astatc-mlb-nyy-tb-2026-10-05-hits-geolom-gte2,1791244800.0,mlb_wc_player_props_day_of_20260929,day_of,850,4000,0.2,
astatc-mlb-nyy-tb-2026-10-05-hits-geolom-gte2,1791244800.0,mlb_wc_player_props_live_20260929,live,1125,4000,0.25,
astatc-mlb-nyy-tb-2026-10-05-hits-geolom-gte3,1791244800.0,mlb_wc_player_props_day_of_20260929,day_of,850,4000,0.2,
astatc-mlb-nyy-tb-2026-10-05-hits-geolom-gte3,1791244800.0,mlb_wc_player_props_live_20260929,live,1125,4000,0.25,
astatc-mlb-nyy-tb-2026-10-05-hits-jazchi-gte1,1791244800.0,mlb_wc_player_props_day_of_20260929,day_of,850,4000,0.2,
astatc-mlb-nyy-tb-2026-10-05-hits-jazchi-gte1,1791244800.0,mlb_wc_player_props_live_20260929,live,1125,4000,0.25,
astatc-mlb-nyy-tb-2026-10-05-hits-jazchi-gte2,1791244800.0,mlb_wc_player_props_day_of_20260929,day_of,850,4000,0.2,
astatc-mlb-nyy-tb-2026-10-05-hits-jazchi-gte2,1791244800.0,mlb_wc_player_props_live_20260929,live,1125,4000,0.25,
astatc-mlb-nyy-tb-2026-10-05-hits-jazchi-gte3,1791244800.0,mlb_wc_player_props_day_of_20260929,day_of,850,4000,0.2,
astatc-mlb-nyy-tb-2026-10-05-hits-jazchi-gte3,1791244800.0,mlb_wc_player_props_live_20260929,live,1125,4000,0.25,
astatc-mlb-nyy-tb-2026-10-05-hits-jonara-gte1,1791244800.0,mlb_wc_player_props_day_of_20260929,day_of,850,4000,0.2,
astatc-mlb-nyy-tb-2026-10-05-hits-jonara-gte1,1791244800.0,mlb_wc_player_props_live_20260929,live,1125,4000,0.25,
astatc-mlb-nyy-tb-2026-10-05-hits-jonara-gte2,1791244800.0,mlb_wc_player_props_day_of_20260929,day_of,850,4000,0.2,
astatc-mlb-nyy-tb-2026-10-05-hits-jonara-gte2,1791244800.0,mlb_wc_player_props_live_20260929,live,1125,4000,0.25,
astatc-mlb-nyy-tb-2026-10-05-hits-jonara-gte3,1791244800.0,mlb_wc_player_props_day_of_20260929,day_of,850,4000,0.2,
astatc-mlb-nyy-tb-2026-10-05-hits-jonara-gte3,1791244800.0,mlb_wc_player_props_live_20260929,live,1125,4000,0.25,
astatc-mlb-nyy-tb-2026-10-05-hits-jondel-gte1,1791244800.0,mlb_wc_player_props_day_of_20260929,day_of,850,4000,0.2,
astatc-mlb-nyy-tb-2026-10-05-hits-jondel-gte1,1791244800.0,mlb_wc_player_props_live_20260929,live,1125,4000,0.25,
astatc-mlb-nyy-tb-2026-10-05-hits-jondel-gte2,1791244800.0,mlb_wc_player_props_day_of_20260929,day_of,850,4000,0.2,
astatc-mlb-nyy-tb-2026-10-05-hits-jondel-gte2,1791244800.0,mlb_wc_player_props_live_20260929,live,1125,4000,0.25,
astatc-mlb-nyy-tb-2026-10-05-hits-jondel-gte3,1791244800.0,mlb_wc_player_props_day_of_20260929,day_of,850,4000,0.2,
astatc-mlb-nyy-tb-2026-10-05-hits-jondel-gte3,1791244800.0,mlb_wc_player_props_live_20260929,live,1125,4000,0.25,
astatc-mlb-nyy-tb-2026-10-05-hits-juncam-gte1,1791244800.0,mlb_wc_player_props_day_of_20260929,day_of,850,4000,0.2,
astatc-mlb-nyy-tb-2026-10-05-hits-juncam-gte1,1791244800.0,mlb_wc_player_props_live_20260929,live,1125,4000,0.25,
astatc-mlb-nyy-tb-2026-10-05-hits-juncam-gte2,1791244800.0,mlb_wc_player_props_day_of_20260929,day_of,850,4000,0.2,
astatc-mlb-nyy-tb-2026-10-05-hits-juncam-gte2,1791244800.0,mlb_wc_player_props_live_20260929,live,1125,4000,0.25,
astatc-mlb-nyy-tb-2026-10-05-hits-juncam-gte3,1791244800.0,mlb_wc_player_props_day_of_20260929,day_of,850,4000,0.2,
astatc-mlb-nyy-tb-2026-10-05-hits-juncam-gte3,1791244800.0,mlb_wc_player_props_live_20260929,live,1125,4000,0.25,
astatc-mlb-nyy-tb-2026-10-05-hits-liahic-gte1,1791244800.0,mlb_wc_player_props_day_of_20260929,day_of,850,4000,0.2,
astatc-mlb-nyy-tb-2026-10-05-hits-liahic-gte1,1791244800.0,mlb_wc_player_props_live_20260929,live,1125,4000,0.25,
astatc-mlb-nyy-tb-2026-10-05-hits-liahic-gte2,1791244800.0,mlb_wc_player_props_day_of_20260929,day_of,850,4000,0.2,
astatc-mlb-nyy-tb-2026-10-05-hits-liahic-gte2,1791244800.0,mlb_wc_player_props_live_20260929,live,1125,4000,0.25,
astatc-mlb-nyy-tb-2026-10-05-hits-liahic-gte3,1791244800.0,mlb_wc_player_props_day_of_20260929,day_of,850,4000,0.2,
astatc-mlb-nyy-tb-2026-10-05-hits-liahic-gte3,1791244800.0,mlb_wc_player_props_live_20260929,live,1125,4000,0.25,
astatc-mlb-nyy-tb-2026-10-05-hits-luigar2-gte1,1791244800.0,mlb_wc_player_props_day_of_20260929,day_of,850,4000,0.2,
astatc-mlb-nyy-tb-2026-10-05-hits-luigar2-gte1,1791244800.0,mlb_wc_player_props_live_20260929,live,1125,4000,0.25,
astatc-mlb-nyy-tb-2026-10-05-hits-luigar2-gte2,1791244800.0,mlb_wc_player_props_day_of_20260929,day_of,850,4000,0.2,
astatc-mlb-nyy-tb-2026-10-05-hits-luigar2-gte2,1791244800.0,mlb_wc_player_props_live_20260929,live,1125,4000,0.25,
astatc-mlb-nyy-tb-2026-10-05-hits-luigar2-gte3,1791244800.0,mlb_wc_player_props_day_of_20260929,day_of,850,4000,0.2,
astatc-mlb-nyy-tb-2026-10-05-hits-luigar2-gte3,1791244800.0,mlb_wc_player_props_live_20260929,live,1125,4000,0.25,
astatc-mlb-nyy-tb-2026-10-05-hits-ricpal-gte1,1791244800.0,mlb_wc_player_props_day_of_20260929,day_of,850,4000,0.2,
astatc-mlb-nyy-tb-2026-10-05-hits-ricpal-gte1,1791244800.0,mlb_wc_player_props_live_20260929,live,1125,4000,0.25,
astatc-mlb-nyy-tb-2026-10-05-hits-ricpal-gte2,1791244800.0,mlb_wc_player_props_day_of_20260929,day_of,850,4000,0.2,
astatc-mlb-nyy-tb-2026-10-05-hits-ricpal-gte2,1791244800.0,mlb_wc_player_props_live_20260929,live,1125,4000,0.25,
astatc-mlb-nyy-tb-2026-10-05-hits-ricpal-gte3,1791244800.0,mlb_wc_player_props_day_of_20260929,day_of,850,4000,0.2,
astatc-mlb-nyy-tb-2026-10-05-hits-ricpal-gte3,1791244800.0,mlb_wc_player_props_live_20260929,live,1125,4000,0.25,
astatc-mlb-nyy-tb-2026-10-05-hits-ryamcm-gte1,1791244800.0,mlb_wc_player_props_day_of_20260929,day_of,850,4000,0.2,
astatc-mlb-nyy-tb-2026-10-05-hits-ryamcm-gte1,1791244800.0,mlb_wc_player_props_live_20260929,live,1125,4000,0.25,
astatc-mlb-nyy-tb-2026-10-05-hits-ryamcm-gte2,1791244800.0,mlb_wc_player_props_day_of_20260929,day_of,850,4000,0.2,
astatc-mlb-nyy-tb-2026-10-05-hits-ryamcm-gte2,1791244800.0,mlb_wc_player_props_live_20260929,live,1125,4000,0.25,
astatc-mlb-nyy-tb-2026-10-05-hits-ryamcm-gte3,1791244800.0,mlb_wc_player_props_day_of_20260929,day_of,850,4000,0.2,
astatc-mlb-nyy-tb-2026-10-05-hits-ryamcm-gte3,1791244800.0,mlb_wc_player_props_live_20260929,live,1125,4000,0.25,
astatc-mlb-nyy-tb-2026-10-05-hits-spejon-gte1,1791244800.0,mlb_wc_player_props_day_of_20260929,day_of,850,4000,0.2,
astatc-mlb-nyy-tb-2026-10-05-hits-spejon-gte1,1791244800.0,mlb_wc_player_props_live_20260929,live,1125,4000,0.25,
astatc-mlb-nyy-tb-2026-10-05-hits-spejon-gte2,1791244800.0,mlb_wc_player_props_day_of_20260929,day_of,850,4000,0.2,
astatc-mlb-nyy-tb-2026-10-05-hits-spejon-gte2,1791244800.0,mlb_wc_player_props_live_20260929,live,1125,4000,0.25,
astatc-mlb-nyy-tb-2026-10-05-hits-spejon-gte3,1791244800.0,mlb_wc_player_props_day_of_20260929,day_of,850,4000,0.2,
astatc-mlb-nyy-tb-2026-10-05-hits-spejon-gte3,1791244800.0,mlb_wc_player_props_live_20260929,live,1125,4000,0.25,
astatc-mlb-nyy-tb-2026-10-05-hits-taywal-gte1,1791244800.0,mlb_wc_player_props_day_of_20260929,day_of,850,4000,0.2,
astatc-mlb-nyy-tb-2026-10-05-hits-taywal-gte1,1791244800.0,mlb_wc_player_props_live_20260929,live,1125,4000,0.25,
astatc-mlb-nyy-tb-2026-10-05-hits-taywal-gte2,1791244800.0,mlb_wc_player_props_day_of_20260929,day_of,850,4000,0.2,
astatc-mlb-nyy-tb-2026-10-05-hits-taywal-gte2,1791244800.0,mlb_wc_player_props_live_20260929,live,1125,4000,0.25,
astatc-mlb-nyy-tb-2026-10-05-hits-taywal-gte3,1791244800.0,mlb_wc_player_props_day_of_20260929,day_of,850,4000,0.2,
astatc-mlb-nyy-tb-2026-10-05-hits-taywal-gte3,1791244800.0,mlb_wc_player_props_live_20260929,live,1125,4000,0.25,
astatc-mlb-nyy-tb-2026-10-05-hits-tregri-gte1,1791244800.0,mlb_wc_player_props_day_of_20260929,day_of,850,4000,0.2,
astatc-mlb-nyy-tb-2026-10-05-hits-tregri-gte1,1791244800.0,mlb_wc_player_props_live_20260929,live,1125,4000,0.25,
astatc-mlb-nyy-tb-2026-10-05-hits-tregri-gte2,1791244800.0,mlb_wc_player_props_day_of_20260929,day_of,850,4000,0.2,
astatc-mlb-nyy-tb-2026-10-05-hits-tregri-gte2,1791244800.0,mlb_wc_player_props_live_20260929,live,1125,4000,0.25,
astatc-mlb-nyy-tb-2026-10-05-hits-tregri-gte3,1791244800.0,mlb_wc_player_props_day_of_20260929,day_of,850,4000,0.2,
astatc-mlb-nyy-tb-2026-10-05-hits-tregri-gte3,1791244800.0,mlb_wc_player_props_live_20260929,live,1125,4000,0.25,
astatc-mlb-nyy-tb-2026-10-05-hits-vicmes-gte1,1791244800.0,mlb_wc_player_props_day_of_20260929,day_of,850,4000,0.2,
astatc-mlb-nyy-tb-2026-10-05-hits-vicmes-gte1,1791244800.0,mlb_wc_player_props_live_20260929,live,1125,4000,0.25,
astatc-mlb-nyy-tb-2026-10-05-hits-vicmes-gte2,1791244800.0,mlb_wc_player_props_day_of_20260929,day_of,850,4000,0.2,
astatc-mlb-nyy-tb-2026-10-05-hits-vicmes-gte2,1791244800.0,mlb_wc_player_props_live_20260929,live,1125,4000,0.25,
astatc-mlb-nyy-tb-2026-10-05-hits-vicmes-gte3,1791244800.0,mlb_wc_player_props_day_of_20260929,day_of,850,4000,0.2,
astatc-mlb-nyy-tb-2026-10-05-hits-vicmes-gte3,1791244800.0,mlb_wc_player_props_live_20260929,live,1125,4000,0.25,
astatc-mlb-nyy-tb-2026-10-05-hits-yandia-gte1,1791244800.0,mlb_wc_player_props_day_of_20260929,day_of,850,4000,0.2,
astatc-mlb-nyy-tb-2026-10-05-hits-yandia-gte1,1791244800.0,mlb_wc_player_props_live_20260929,live,1125,4000,0.25,
astatc-mlb-nyy-tb-2026-10-05-hits-yandia-gte2,1791244800.0,mlb_wc_player_props_day_of_20260929,day_of,850,4000,0.2,
astatc-mlb-nyy-tb-2026-10-05-hits-yandia-gte2,1791244800.0,mlb_wc_player_props_live_20260929,live,1125,4000,0.25,
astatc-mlb-nyy-tb-2026-10-05-hits-yandia-gte3,1791244800.0,mlb_wc_player_props_day_of_20260929,day_of,850,4000,0.2,
astatc-mlb-nyy-tb-2026-10-05-hits-yandia-gte3,1791244800.0,mlb_wc_player_props_live_20260929,live,1125,4000,0.25,
astatc-mlb-nyy-tb-2026-10-05-hr-auswel-gte1,1791244800.0,mlb_wc_player_props_day_of_20260929,day_of,850,4000,0.2,
astatc-mlb-nyy-tb-2026-10-05-hr-auswel-gte1,1791244800.0,mlb_wc_player_props_live_20260929,live,1125,4000,0.25,
astatc-mlb-nyy-tb-2026-10-05-hr-auswel-gte2,1791244800.0,mlb_wc_player_props_day_of_20260929,day_of,850,4000,0.2,
astatc-mlb-nyy-tb-2026-10-05-hr-auswel-gte2,1791244800.0,mlb_wc_player_props_live_20260929,live,1125,4000,0.25,
astatc-mlb-nyy-tb-2026-10-05-hr-benric-gte1,1791244800.0,mlb_wc_player_props_day_of_20260929,day_of,850,4000,0.2,
astatc-mlb-nyy-tb-2026-10-05-hr-benric-gte1,1791244800.0,mlb_wc_player_props_live_20260929,live,1125,4000,0.25,
astatc-mlb-nyy-tb-2026-10-05-hr-benric-gte2,1791244800.0,mlb_wc_player_props_day_of_20260929,day_of,850,4000,0.2,
astatc-mlb-nyy-tb-2026-10-05-hr-benric-gte2,1791244800.0,mlb_wc_player_props_live_20260929,live,1125,4000,0.25,
astatc-mlb-nyy-tb-2026-10-05-hr-chasim-gte1,1791244800.0,mlb_wc_player_props_day_of_20260929,day_of,850,4000,0.2,
astatc-mlb-nyy-tb-2026-10-05-hr-chasim-gte1,1791244800.0,mlb_wc_player_props_live_20260929,live,1125,4000,0.25,
astatc-mlb-nyy-tb-2026-10-05-hr-chasim-gte2,1791244800.0,mlb_wc_player_props_day_of_20260929,day_of,850,4000,0.2,
astatc-mlb-nyy-tb-2026-10-05-hr-chasim-gte2,1791244800.0,mlb_wc_player_props_live_20260929,live,1125,4000,0.25,
astatc-mlb-nyy-tb-2026-10-05-hr-codbel-gte1,1791244800.0,mlb_wc_player_props_day_of_20260929,day_of,850,4000,0.2,
astatc-mlb-nyy-tb-2026-10-05-hr-codbel-gte1,1791244800.0,mlb_wc_player_props_live_20260929,live,1125,4000,0.25,
astatc-mlb-nyy-tb-2026-10-05-hr-codbel-gte2,1791244800.0,mlb_wc_player_props_day_of_20260929,day_of,850,4000,0.2,
astatc-mlb-nyy-tb-2026-10-05-hr-codbel-gte2,1791244800.0,mlb_wc_player_props_live_20260929,live,1125,4000,0.25,
astatc-mlb-nyy-tb-2026-10-05-hr-geolom-gte1,1791244800.0,mlb_wc_player_props_day_of_20260929,day_of,850,4000,0.2,
astatc-mlb-nyy-tb-2026-10-05-hr-geolom-gte1,1791244800.0,mlb_wc_player_props_live_20260929,live,1125,4000,0.25,
astatc-mlb-nyy-tb-2026-10-05-hr-geolom-gte2,1791244800.0,mlb_wc_player_props_day_of_20260929,day_of,850,4000,0.2,
astatc-mlb-nyy-tb-2026-10-05-hr-geolom-gte2,1791244800.0,mlb_wc_player_props_live_20260929,live,1125,4000,0.25,
astatc-mlb-nyy-tb-2026-10-05-hr-jazchi-gte1,1791244800.0,mlb_wc_player_props_day_of_20260929,day_of,850,4000,0.2,
astatc-mlb-nyy-tb-2026-10-05-hr-jazchi-gte1,1791244800.0,mlb_wc_player_props_live_20260929,live,1125,4000,0.25,
astatc-mlb-nyy-tb-2026-10-05-hr-jazchi-gte2,1791244800.0,mlb_wc_player_props_day_of_20260929,day_of,850,4000,0.2,
astatc-mlb-nyy-tb-2026-10-05-hr-jazchi-gte2,1791244800.0,mlb_wc_player_props_live_20260929,live,1125,4000,0.25,
astatc-mlb-nyy-tb-2026-10-05-hr-jonara-gte1,1791244800.0,mlb_wc_player_props_day_of_20260929,day_of,850,4000,0.2,
astatc-mlb-nyy-tb-2026-10-05-hr-jonara-gte1,1791244800.0,mlb_wc_player_props_live_20260929,live,1125,4000,0.25,
astatc-mlb-nyy-tb-2026-10-05-hr-jonara-gte2,1791244800.0,mlb_wc_player_props_day_of_20260929,day_of,850,4000,0.2,
astatc-mlb-nyy-tb-2026-10-05-hr-jonara-gte2,1791244800.0,mlb_wc_player_props_live_20260929,live,1125,4000,0.25,
astatc-mlb-nyy-tb-2026-10-05-hr-jondel-gte1,1791244800.0,mlb_wc_player_props_day_of_20260929,day_of,850,4000,0.2,
astatc-mlb-nyy-tb-2026-10-05-hr-jondel-gte1,1791244800.0,mlb_wc_player_props_live_20260929,live,1125,4000,0.25,
astatc-mlb-nyy-tb-2026-10-05-hr-jondel-gte2,1791244800.0,mlb_wc_player_props_day_of_20260929,day_of,850,4000,0.2,
astatc-mlb-nyy-tb-2026-10-05-hr-jondel-gte2,1791244800.0,mlb_wc_player_props_live_20260929,live,1125,4000,0.25,
astatc-mlb-nyy-tb-2026-10-05-hr-juncam-gte1,1791244800.0,mlb_wc_player_props_day_of_20260929,day_of,850,4000,0.2,
astatc-mlb-nyy-tb-2026-10-05-hr-juncam-gte1,1791244800.0,mlb_wc_player_props_live_20260929,live,1125,4000,0.25,
astatc-mlb-nyy-tb-2026-10-05-hr-juncam-gte2,1791244800.0,mlb_wc_player_props_day_of_20260929,day_of,850,4000,0.2,
astatc-mlb-nyy-tb-2026-10-05-hr-juncam-gte2,1791244800.0,mlb_wc_player_props_live_20260929,live,1125,4000,0.25,
astatc-mlb-nyy-tb-2026-10-05-hr-liahic-gte1,1791244800.0,mlb_wc_player_props_day_of_20260929,day_of,850,4000,0.2,
astatc-mlb-nyy-tb-2026-10-05-hr-liahic-gte1,1791244800.0,mlb_wc_player_props_live_20260929,live,1125,4000,0.25,
astatc-mlb-nyy-tb-2026-10-05-hr-liahic-gte2,1791244800.0,mlb_wc_player_props_day_of_20260929,day_of,850,4000,0.2,
astatc-mlb-nyy-tb-2026-10-05-hr-liahic-gte2,1791244800.0,mlb_wc_player_props_live_20260929,live,1125,4000,0.25,
astatc-mlb-nyy-tb-2026-10-05-hr-luigar2-gte1,1791244800.0,mlb_wc_player_props_day_of_20260929,day_of,850,4000,0.2,
astatc-mlb-nyy-tb-2026-10-05-hr-luigar2-gte1,1791244800.0,mlb_wc_player_props_live_20260929,live,1125,4000,0.25,
astatc-mlb-nyy-tb-2026-10-05-hr-luigar2-gte2,1791244800.0,mlb_wc_player_props_day_of_20260929,day_of,850,4000,0.2,
astatc-mlb-nyy-tb-2026-10-05-hr-luigar2-gte2,1791244800.0,mlb_wc_player_props_live_20260929,live,1125,4000,0.25,
astatc-mlb-nyy-tb-2026-10-05-hr-ricpal-gte1,1791244800.0,mlb_wc_player_props_day_of_20260929,day_of,850,4000,0.2,
astatc-mlb-nyy-tb-2026-10-05-hr-ricpal-gte1,1791244800.0,mlb_wc_player_props_live_20260929,live,1125,4000,0.25,
astatc-mlb-nyy-tb-2026-10-05-hr-ricpal-gte2,1791244800.0,mlb_wc_player_props_day_of_20260929,day_of,850,4000,0.2,
astatc-mlb-nyy-tb-2026-10-05-hr-ricpal-gte2,1791244800.0,mlb_wc_player_props_live_20260929,live,1125,4000,0.25,
astatc-mlb-nyy-tb-2026-10-05-hr-ryamcm-gte1,1791244800.0,mlb_wc_player_props_day_of_20260929,day_of,850,4000,0.2,
astatc-mlb-nyy-tb-2026-10-05-hr-ryamcm-gte1,1791244800.0,mlb_wc_player_props_live_20260929,live,1125,4000,0.25,
astatc-mlb-nyy-tb-2026-10-05-hr-ryamcm-gte2,1791244800.0,mlb_wc_player_props_day_of_20260929,day_of,850,4000,0.2,
astatc-mlb-nyy-tb-2026-10-05-hr-ryamcm-gte2,1791244800.0,mlb_wc_player_props_live_20260929,live,1125,4000,0.25,
astatc-mlb-nyy-tb-2026-10-05-hr-spejon-gte1,1791244800.0,mlb_wc_player_props_day_of_20260929,day_of,850,4000,0.2,
astatc-mlb-nyy-tb-2026-10-05-hr-spejon-gte1,1791244800.0,mlb_wc_player_props_live_20260929,live,1125,4000,0.25,
astatc-mlb-nyy-tb-2026-10-05-hr-spejon-gte2,1791244800.0,mlb_wc_player_props_day_of_20260929,day_of,850,4000,0.2,
astatc-mlb-nyy-tb-2026-10-05-hr-spejon-gte2,1791244800.0,mlb_wc_player_props_live_20260929,live,1125,4000,0.25,
astatc-mlb-nyy-tb-2026-10-05-hr-taywal-gte1,1791244800.0,mlb_wc_player_props_day_of_20260929,day_of,850,4000,0.2,
astatc-mlb-nyy-tb-2026-10-05-hr-taywal-gte1,1791244800.0,mlb_wc_player_props_live_20260929,live,1125,4000,0.25,
astatc-mlb-nyy-tb-2026-10-05-hr-taywal-gte2,1791244800.0,mlb_wc_player_props_day_of_20260929,day_of,850,4000,0.2,
astatc-mlb-nyy-tb-2026-10-05-hr-taywal-gte2,1791244800.0,mlb_wc_player_props_live_20260929,live,1125,4000,0.25,
astatc-mlb-nyy-tb-2026-10-05-hr-tregri-gte1,1791244800.0,mlb_wc_player_props_day_of_20260929,day_of,850,4000,0.2,
astatc-mlb-nyy-tb-2026-10-05-hr-tregri-gte1,1791244800.0,mlb_wc_player_props_live_20260929,live,1125,4000,0.25,
astatc-mlb-nyy-tb-2026-10-05-hr-tregri-gte2,1791244800.0,mlb_wc_player_props_day_of_20260929,day_of,850,4000,0.2,
astatc-mlb-nyy-tb-2026-10-05-hr-tregri-gte2,1791244800.0,mlb_wc_player_props_live_20260929,live,1125,4000,0.25,
astatc-mlb-nyy-tb-2026-10-05-hr-vicmes-gte1,1791244800.0,mlb_wc_player_props_day_of_20260929,day_of,850,4000,0.2,
astatc-mlb-nyy-tb-2026-10-05-hr-vicmes-gte1,1791244800.0,mlb_wc_player_props_live_20260929,live,1125,4000,0.25,
astatc-mlb-nyy-tb-2026-10-05-hr-vicmes-gte2,1791244800.0,mlb_wc_player_props_day_of_20260929,day_of,850,4000,0.2,
astatc-mlb-nyy-tb-2026-10-05-hr-vicmes-gte2,1791244800.0,mlb_wc_player_props_live_20260929,live,1125,4000,0.25,
astatc-mlb-nyy-tb-2026-10-05-hr-yandia-gte1,1791244800.0,mlb_wc_player_props_day_of_20260929,day_of,850,4000,0.2,
astatc-mlb-nyy-tb-2026-10-05-hr-yandia-gte1,1791244800.0,mlb_wc_player_props_live_20260929,live,1125,4000,0.25,
astatc-mlb-nyy-tb-2026-10-05-hr-yandia-gte2,1791244800.0,mlb_wc_player_props_day_of_20260929,day_of,850,4000,0.2,
astatc-mlb-nyy-tb-2026-10-05-hr-yandia-gte2,1791244800.0,mlb_wc_player_props_live_20260929,live,1125,4000,0.25,
astatc-mlb-nyy-tb-2026-10-05-hrr-auswel-gte1,1791244800.0,mlb_wc_player_props_day_of_20260929,day_of,850,4000,0.2,
astatc-mlb-nyy-tb-2026-10-05-hrr-auswel-gte1,1791244800.0,mlb_wc_player_props_live_20260929,live,1125,4000,0.25,
astatc-mlb-nyy-tb-2026-10-05-hrr-auswel-gte2,1791244800.0,mlb_wc_player_props_day_of_20260929,day_of,850,4000,0.2,
astatc-mlb-nyy-tb-2026-10-05-hrr-auswel-gte2,1791244800.0,mlb_wc_player_props_live_20260929,live,1125,4000,0.25,
astatc-mlb-nyy-tb-2026-10-05-hrr-auswel-gte3,1791244800.0,mlb_wc_player_props_day_of_20260929,day_of,850,4000,0.2,
astatc-mlb-nyy-tb-2026-10-05-hrr-auswel-gte3,1791244800.0,mlb_wc_player_props_live_20260929,live,1125,4000,0.25,
astatc-mlb-nyy-tb-2026-10-05-hrr-auswel-gte4,1791244800.0,mlb_wc_player_props_day_of_20260929,day_of,850,4000,0.2,
astatc-mlb-nyy-tb-2026-10-05-hrr-auswel-gte4,1791244800.0,mlb_wc_player_props_live_20260929,live,1125,4000,0.25,
astatc-mlb-nyy-tb-2026-10-05-hrr-benric-gte1,1791244800.0,mlb_wc_player_props_day_of_20260929,day_of,850,4000,0.2,
astatc-mlb-nyy-tb-2026-10-05-hrr-benric-gte1,1791244800.0,mlb_wc_player_props_live_20260929,live,1125,4000,0.25,
astatc-mlb-nyy-tb-2026-10-05-hrr-benric-gte2,1791244800.0,mlb_wc_player_props_day_of_20260929,day_of,850,4000,0.2,
astatc-mlb-nyy-tb-2026-10-05-hrr-benric-gte2,1791244800.0,mlb_wc_player_props_live_20260929,live,1125,4000,0.25,
astatc-mlb-nyy-tb-2026-10-05-hrr-benric-gte3,1791244800.0,mlb_wc_player_props_day_of_20260929,day_of,850,4000,0.2,
astatc-mlb-nyy-tb-2026-10-05-hrr-benric-gte3,1791244800.0,mlb_wc_player_props_live_20260929,live,1125,4000,0.25,
astatc-mlb-nyy-tb-2026-10-05-hrr-benric-gte4,1791244800.0,mlb_wc_player_props_day_of_20260929,day_of,850,4000,0.2,
astatc-mlb-nyy-tb-2026-10-05-hrr-benric-gte4,1791244800.0,mlb_wc_player_props_live_20260929,live,1125,4000,0.25,
astatc-mlb-nyy-tb-2026-10-05-hrr-benric-gte5,1791244800.0,mlb_wc_player_props_day_of_20260929,day_of,850,4000,0.2,
astatc-mlb-nyy-tb-2026-10-05-hrr-benric-gte5,1791244800.0,mlb_wc_player_props_live_20260929,live,1125,4000,0.25,
astatc-mlb-nyy-tb-2026-10-05-hrr-benric-gte6,1791244800.0,mlb_wc_player_props_day_of_20260929,day_of,850,4000,0.2,
astatc-mlb-nyy-tb-2026-10-05-hrr-benric-gte6,1791244800.0,mlb_wc_player_props_live_20260929,live,1125,4000,0.25,
astatc-mlb-nyy-tb-2026-10-05-hrr-chasim-gte1,1791244800.0,mlb_wc_player_props_day_of_20260929,day_of,850,4000,0.2,
astatc-mlb-nyy-tb-2026-10-05-hrr-chasim-gte1,1791244800.0,mlb_wc_player_props_live_20260929,live,1125,4000,0.25,
astatc-mlb-nyy-tb-2026-10-05-hrr-chasim-gte2,1791244800.0,mlb_wc_player_props_day_of_20260929,day_of,850,4000,0.2,
astatc-mlb-nyy-tb-2026-10-05-hrr-chasim-gte2,1791244800.0,mlb_wc_player_props_live_20260929,live,1125,4000,0.25,
astatc-mlb-nyy-tb-2026-10-05-hrr-chasim-gte3,1791244800.0,mlb_wc_player_props_day_of_20260929,day_of,850,4000,0.2,
astatc-mlb-nyy-tb-2026-10-05-hrr-chasim-gte3,1791244800.0,mlb_wc_player_props_live_20260929,live,1125,4000,0.25,
astatc-mlb-nyy-tb-2026-10-05-hrr-chasim-gte4,1791244800.0,mlb_wc_player_props_day_of_20260929,day_of,850,4000,0.2,
astatc-mlb-nyy-tb-2026-10-05-hrr-chasim-gte4,1791244800.0,mlb_wc_player_props_live_20260929,live,1125,4000,0.25,
astatc-mlb-nyy-tb-2026-10-05-hrr-chasim-gte5,1791244800.0,mlb_wc_player_props_day_of_20260929,day_of,850,4000,0.2,
astatc-mlb-nyy-tb-2026-10-05-hrr-chasim-gte5,1791244800.0,mlb_wc_player_props_live_20260929,live,1125,4000,0.25,
astatc-mlb-nyy-tb-2026-10-05-hrr-chasim-gte6,1791244800.0,mlb_wc_player_props_day_of_20260929,day_of,850,4000,0.2,
astatc-mlb-nyy-tb-2026-10-05-hrr-chasim-gte6,1791244800.0,mlb_wc_player_props_live_20260929,live,1125,4000,0.25,
astatc-mlb-nyy-tb-2026-10-05-hrr-codbel-gte1,1791244800.0,mlb_wc_player_props_day_of_20260929,day_of,850,4000,0.2,
astatc-mlb-nyy-tb-2026-10-05-hrr-codbel-gte1,1791244800.0,mlb_wc_player_props_live_20260929,live,1125,4000,0.25,
astatc-mlb-nyy-tb-2026-10-05-hrr-codbel-gte2,1791244800.0,mlb_wc_player_props_day_of_20260929,day_of,850,4000,0.2,
astatc-mlb-nyy-tb-2026-10-05-hrr-codbel-gte2,1791244800.0,mlb_wc_player_props_live_20260929,live,1125,4000,0.25,
astatc-mlb-nyy-tb-2026-10-05-hrr-codbel-gte3,1791244800.0,mlb_wc_player_props_day_of_20260929,day_of,850,4000,0.2,
astatc-mlb-nyy-tb-2026-10-05-hrr-codbel-gte3,1791244800.0,mlb_wc_player_props_live_20260929,live,1125,4000,0.25,
astatc-mlb-nyy-tb-2026-10-05-hrr-codbel-gte4,1791244800.0,mlb_wc_player_props_day_of_20260929,day_of,850,4000,0.2,
astatc-mlb-nyy-tb-2026-10-05-hrr-codbel-gte4,1791244800.0,mlb_wc_player_props_live_20260929,live,1125,4000,0.25,
astatc-mlb-nyy-tb-2026-10-05-hrr-codbel-gte5,1791244800.0,mlb_wc_player_props_day_of_20260929,day_of,850,4000,0.2,
astatc-mlb-nyy-tb-2026-10-05-hrr-codbel-gte5,1791244800.0,mlb_wc_player_props_live_20260929,live,1125,4000,0.25,
astatc-mlb-nyy-tb-2026-10-05-hrr-codbel-gte6,1791244800.0,mlb_wc_player_props_day_of_20260929,day_of,850,4000,0.2,
astatc-mlb-nyy-tb-2026-10-05-hrr-codbel-gte6,1791244800.0,mlb_wc_player_props_live_20260929,live,1125,4000,0.25,
astatc-mlb-nyy-tb-2026-10-05-hrr-geolom-gte1,1791244800.0,mlb_wc_player_props_day_of_20260929,day_of,850,4000,0.2,
astatc-mlb-nyy-tb-2026-10-05-hrr-geolom-gte1,1791244800.0,mlb_wc_player_props_live_20260929,live,1125,4000,0.25,
astatc-mlb-nyy-tb-2026-10-05-hrr-geolom-gte2,1791244800.0,mlb_wc_player_props_day_of_20260929,day_of,850,4000,0.2,
astatc-mlb-nyy-tb-2026-10-05-hrr-geolom-gte2,1791244800.0,mlb_wc_player_props_live_20260929,live,1125,4000,0.25,
astatc-mlb-nyy-tb-2026-10-05-hrr-geolom-gte3,1791244800.0,mlb_wc_player_props_day_of_20260929,day_of,850,4000,0.2,
astatc-mlb-nyy-tb-2026-10-05-hrr-geolom-gte3,1791244800.0,mlb_wc_player_props_live_20260929,live,1125,4000,0.25,
astatc-mlb-nyy-tb-2026-10-05-hrr-geolom-gte4,1791244800.0,mlb_wc_player_props_day_of_20260929,day_of,850,4000,0.2,
astatc-mlb-nyy-tb-2026-10-05-hrr-geolom-gte4,1791244800.0,mlb_wc_player_props_live_20260929,live,1125,4000,0.25,
astatc-mlb-nyy-tb-2026-10-05-hrr-geolom-gte5,1791244800.0,mlb_wc_player_props_day_of_20260929,day_of,850,4000,0.2,
astatc-mlb-nyy-tb-2026-10-05-hrr-geolom-gte5,1791244800.0,mlb_wc_player_props_live_20260929,live,1125,4000,0.25,
astatc-mlb-nyy-tb-2026-10-05-hrr-geolom-gte6,1791244800.0,mlb_wc_player_props_day_of_20260929,day_of,850,4000,0.2,
astatc-mlb-nyy-tb-2026-10-05-hrr-geolom-gte6,1791244800.0,mlb_wc_player_props_live_20260929,live,1125,4000,0.25,
astatc-mlb-nyy-tb-2026-10-05-hrr-jazchi-gte1,1791244800.0,mlb_wc_player_props_day_of_20260929,day_of,850,4000,0.2,
astatc-mlb-nyy-tb-2026-10-05-hrr-jazchi-gte1,1791244800.0,mlb_wc_player_props_live_20260929,live,1125,4000,0.25,
astatc-mlb-nyy-tb-2026-10-05-hrr-jazchi-gte2,1791244800.0,mlb_wc_player_props_day_of_20260929,day_of,850,4000,0.2,
astatc-mlb-nyy-tb-2026-10-05-hrr-jazchi-gte2,1791244800.0,mlb_wc_player_props_live_20260929,live,1125,4000,0.25,
astatc-mlb-nyy-tb-2026-10-05-hrr-jazchi-gte3,1791244800.0,mlb_wc_player_props_day_of_20260929,day_of,850,4000,0.2,
astatc-mlb-nyy-tb-2026-10-05-hrr-jazchi-gte3,1791244800.0,mlb_wc_player_props_live_20260929,live,1125,4000,0.25,
astatc-mlb-nyy-tb-2026-10-05-hrr-jazchi-gte4,1791244800.0,mlb_wc_player_props_day_of_20260929,day_of,850,4000,0.2,
astatc-mlb-nyy-tb-2026-10-05-hrr-jazchi-gte4,1791244800.0,mlb_wc_player_props_live_20260929,live,1125,4000,0.25,
astatc-mlb-nyy-tb-2026-10-05-hrr-jazchi-gte5,1791244800.0,mlb_wc_player_props_day_of_20260929,day_of,850,4000,0.2,
astatc-mlb-nyy-tb-2026-10-05-hrr-jazchi-gte5,1791244800.0,mlb_wc_player_props_live_20260929,live,1125,4000,0.25,
astatc-mlb-nyy-tb-2026-10-05-hrr-jazchi-gte6,1791244800.0,mlb_wc_player_props_day_of_20260929,day_of,850,4000,0.2,
astatc-mlb-nyy-tb-2026-10-05-hrr-jazchi-gte6,1791244800.0,mlb_wc_player_props_live_20260929,live,1125,4000,0.25,
astatc-mlb-nyy-tb-2026-10-05-hrr-jonara-gte1,1791244800.0,mlb_wc_player_props_day_of_20260929,day_of,850,4000,0.2,
astatc-mlb-nyy-tb-2026-10-05-hrr-jonara-gte1,1791244800.0,mlb_wc_player_props_live_20260929,live,1125,4000,0.25,
astatc-mlb-nyy-tb-2026-10-05-hrr-jonara-gte2,1791244800.0,mlb_wc_player_props_day_of_20260929,day_of,850,4000,0.2,
astatc-mlb-nyy-tb-2026-10-05-hrr-jonara-gte2,1791244800.0,mlb_wc_player_props_live_20260929,live,1125,4000,0.25,
astatc-mlb-nyy-tb-2026-10-05-hrr-jonara-gte3,1791244800.0,mlb_wc_player_props_day_of_20260929,day_of,850,4000,0.2,
astatc-mlb-nyy-tb-2026-10-05-hrr-jonara-gte3,1791244800.0,mlb_wc_player_props_live_20260929,live,1125,4000,0.25,
astatc-mlb-nyy-tb-2026-10-05-hrr-jonara-gte4,1791244800.0,mlb_wc_player_props_day_of_20260929,day_of,850,4000,0.2,
astatc-mlb-nyy-tb-2026-10-05-hrr-jonara-gte4,1791244800.0,mlb_wc_player_props_live_20260929,live,1125,4000,0.25,
astatc-mlb-nyy-tb-2026-10-05-hrr-jonara-gte5,1791244800.0,mlb_wc_player_props_day_of_20260929,day_of,850,4000,0.2,
astatc-mlb-nyy-tb-2026-10-05-hrr-jonara-gte5,1791244800.0,mlb_wc_player_props_live_20260929,live,1125,4000,0.25,
astatc-mlb-nyy-tb-2026-10-05-hrr-jonara-gte6,1791244800.0,mlb_wc_player_props_day_of_20260929,day_of,850,4000,0.2,
astatc-mlb-nyy-tb-2026-10-05-hrr-jonara-gte6,1791244800.0,mlb_wc_player_props_live_20260929,live,1125,4000,0.25,
astatc-mlb-nyy-tb-2026-10-05-hrr-jondel-gte1,1791244800.0,mlb_wc_player_props_day_of_20260929,day_of,850,4000,0.2,
astatc-mlb-nyy-tb-2026-10-05-hrr-jondel-gte1,1791244800.0,mlb_wc_player_props_live_20260929,live,1125,4000,0.25,
astatc-mlb-nyy-tb-2026-10-05-hrr-jondel-gte2,1791244800.0,mlb_wc_player_props_day_of_20260929,day_of,850,4000,0.2,
astatc-mlb-nyy-tb-2026-10-05-hrr-jondel-gte2,1791244800.0,mlb_wc_player_props_live_20260929,live,1125,4000,0.25,
astatc-mlb-nyy-tb-2026-10-05-hrr-jondel-gte3,1791244800.0,mlb_wc_player_props_day_of_20260929,day_of,850,4000,0.2,
astatc-mlb-nyy-tb-2026-10-05-hrr-jondel-gte3,1791244800.0,mlb_wc_player_props_live_20260929,live,1125,4000,0.25,
astatc-mlb-nyy-tb-2026-10-05-hrr-jondel-gte4,1791244800.0,mlb_wc_player_props_day_of_20260929,day_of,850,4000,0.2,
astatc-mlb-nyy-tb-2026-10-05-hrr-jondel-gte4,1791244800.0,mlb_wc_player_props_live_20260929,live,1125,4000,0.25,
astatc-mlb-nyy-tb-2026-10-05-hrr-jondel-gte5,1791244800.0,mlb_wc_player_props_day_of_20260929,day_of,850,4000,0.2,
astatc-mlb-nyy-tb-2026-10-05-hrr-jondel-gte5,1791244800.0,mlb_wc_player_props_live_20260929,live,1125,4000,0.25,
astatc-mlb-nyy-tb-2026-10-05-hrr-jondel-gte6,1791244800.0,mlb_wc_player_props_day_of_20260929,day_of,850,4000,0.2,
astatc-mlb-nyy-tb-2026-10-05-hrr-jondel-gte6,1791244800.0,mlb_wc_player_props_live_20260929,live,1125,4000,0.25,
astatc-mlb-nyy-tb-2026-10-05-hrr-juncam-gte1,1791244800.0,mlb_wc_player_props_day_of_20260929,day_of,850,4000,0.2,
astatc-mlb-nyy-tb-2026-10-05-hrr-juncam-gte1,1791244800.0,mlb_wc_player_props_live_20260929,live,1125,4000,0.25,
astatc-mlb-nyy-tb-2026-10-05-hrr-juncam-gte2,1791244800.0,mlb_wc_player_props_day_of_20260929,day_of,850,4000,0.2,
astatc-mlb-nyy-tb-2026-10-05-hrr-juncam-gte2,1791244800.0,mlb_wc_player_props_live_20260929,live,1125,4000,0.25,
astatc-mlb-nyy-tb-2026-10-05-hrr-juncam-gte3,1791244800.0,mlb_wc_player_props_day_of_20260929,day_of,850,4000,0.2,
astatc-mlb-nyy-tb-2026-10-05-hrr-juncam-gte3,1791244800.0,mlb_wc_player_props_live_20260929,live,1125,4000,0.25,
astatc-mlb-nyy-tb-2026-10-05-hrr-juncam-gte4,1791244800.0,mlb_wc_player_props_day_of_20260929,day_of,850,4000,0.2,
astatc-mlb-nyy-tb-2026-10-05-hrr-juncam-gte4,1791244800.0,mlb_wc_player_props_live_20260929,live,1125,4000,0.25,
astatc-mlb-nyy-tb-2026-10-05-hrr-juncam-gte5,1791244800.0,mlb_wc_player_props_day_of_20260929,day_of,850,4000,0.2,
astatc-mlb-nyy-tb-2026-10-05-hrr-juncam-gte5,1791244800.0,mlb_wc_player_props_live_20260929,live,1125,4000,0.25,
astatc-mlb-nyy-tb-2026-10-05-hrr-juncam-gte6,1791244800.0,mlb_wc_player_props_day_of_20260929,day_of,850,4000,0.2,
astatc-mlb-nyy-tb-2026-10-05-hrr-juncam-gte6,1791244800.0,mlb_wc_player_props_live_20260929,live,1125,4000,0.25,
astatc-mlb-nyy-tb-2026-10-05-hrr-liahic-gte1,1791244800.0,mlb_wc_player_props_day_of_20260929,day_of,850,4000,0.2,
astatc-mlb-nyy-tb-2026-10-05-hrr-liahic-gte1,1791244800.0,mlb_wc_player_props_live_20260929,live,1125,4000,0.25,
astatc-mlb-nyy-tb-2026-10-05-hrr-liahic-gte2,1791244800.0,mlb_wc_player_props_day_of_20260929,day_of,850,4000,0.2,
astatc-mlb-nyy-tb-2026-10-05-hrr-liahic-gte2,1791244800.0,mlb_wc_player_props_live_20260929,live,1125,4000,0.25,
astatc-mlb-nyy-tb-2026-10-05-hrr-liahic-gte3,1791244800.0,mlb_wc_player_props_day_of_20260929,day_of,850,4000,0.2,
astatc-mlb-nyy-tb-2026-10-05-hrr-liahic-gte3,1791244800.0,mlb_wc_player_props_live_20260929,live,1125,4000,0.25,
astatc-mlb-nyy-tb-2026-10-05-hrr-liahic-gte4,1791244800.0,mlb_wc_player_props_day_of_20260929,day_of,850,4000,0.2,
astatc-mlb-nyy-tb-2026-10-05-hrr-liahic-gte4,1791244800.0,mlb_wc_player_props_live_20260929,live,1125,4000,0.25,
astatc-mlb-nyy-tb-2026-10-05-hrr-liahic-gte5,1791244800.0,mlb_wc_player_props_day_of_20260929,day_of,850,4000,0.2,
astatc-mlb-nyy-tb-2026-10-05-hrr-liahic-gte5,1791244800.0,mlb_wc_player_props_live_20260929,live,1125,4000,0.25,
astatc-mlb-nyy-tb-2026-10-05-hrr-liahic-gte6,1791244800.0,mlb_wc_player_props_day_of_20260929,day_of,850,4000,0.2,
astatc-mlb-nyy-tb-2026-10-05-hrr-liahic-gte6,1791244800.0,mlb_wc_player_props_live_20260929,live,1125,4000,0.25,
astatc-mlb-nyy-tb-2026-10-05-hrr-luigar2-gte1,1791244800.0,mlb_wc_player_props_day_of_20260929,day_of,850,4000,0.2,
astatc-mlb-nyy-tb-2026-10-05-hrr-luigar2-gte1,1791244800.0,mlb_wc_player_props_live_20260929,live,1125,4000,0.25,
astatc-mlb-nyy-tb-2026-10-05-hrr-luigar2-gte2,1791244800.0,mlb_wc_player_props_day_of_20260929,day_of,850,4000,0.2,
astatc-mlb-nyy-tb-2026-10-05-hrr-luigar2-gte2,1791244800.0,mlb_wc_player_props_live_20260929,live,1125,4000,0.25,
astatc-mlb-nyy-tb-2026-10-05-hrr-luigar2-gte3,1791244800.0,mlb_wc_player_props_day_of_20260929,day_of,850,4000,0.2,
astatc-mlb-nyy-tb-2026-10-05-hrr-luigar2-gte3,1791244800.0,mlb_wc_player_props_live_20260929,live,1125,4000,0.25,
astatc-mlb-nyy-tb-2026-10-05-hrr-luigar2-gte4,1791244800.0,mlb_wc_player_props_day_of_20260929,day_of,850,4000,0.2,
astatc-mlb-nyy-tb-2026-10-05-hrr-luigar2-gte4,1791244800.0,mlb_wc_player_props_live_20260929,live,1125,4000,0.25,
astatc-mlb-nyy-tb-2026-10-05-hrr-luigar2-gte5,1791244800.0,mlb_wc_player_props_day_of_20260929,day_of,850,4000,0.2,
astatc-mlb-nyy-tb-2026-10-05-hrr-luigar2-gte5,1791244800.0,mlb_wc_player_props_live_20260929,live,1125,4000,0.25,
astatc-mlb-nyy-tb-2026-10-05-hrr-luigar2-gte6,1791244800.0,mlb_wc_player_props_day_of_20260929,day_of,850,4000,0.2,
astatc-mlb-nyy-tb-2026-10-05-hrr-luigar2-gte6,1791244800.0,mlb_wc_player_props_live_20260929,live,1125,4000,0.25,
astatc-mlb-nyy-tb-2026-10-05-hrr-ricpal-gte1,1791244800.0,mlb_wc_player_props_day_of_20260929,day_of,850,4000,0.2,
astatc-mlb-nyy-tb-2026-10-05-hrr-ricpal-gte1,1791244800.0,mlb_wc_player_props_live_20260929,live,1125,4000,0.25,
astatc-mlb-nyy-tb-2026-10-05-hrr-ricpal-gte2,1791244800.0,mlb_wc_player_props_day_of_20260929,day_of,850,4000,0.2,
astatc-mlb-nyy-tb-2026-10-05-hrr-ricpal-gte2,1791244800.0,mlb_wc_player_props_live_20260929,live,1125,4000,0.25,
astatc-mlb-nyy-tb-2026-10-05-hrr-ricpal-gte3,1791244800.0,mlb_wc_player_props_day_of_20260929,day_of,850,4000,0.2,
astatc-mlb-nyy-tb-2026-10-05-hrr-ricpal-gte3,1791244800.0,mlb_wc_player_props_live_20260929,live,1125,4000,0.25,
astatc-mlb-nyy-tb-2026-10-05-hrr-ricpal-gte4,1791244800.0,mlb_wc_player_props_day_of_20260929,day_of,850,4000,0.2,
astatc-mlb-nyy-tb-2026-10-05-hrr-ricpal-gte4,1791244800.0,mlb_wc_player_props_live_20260929,live,1125,4000,0.25,
astatc-mlb-nyy-tb-2026-10-05-hrr-ricpal-gte5,1791244800.0,mlb_wc_player_props_day_of_20260929,day_of,850,4000,0.2,
astatc-mlb-nyy-tb-2026-10-05-hrr-ricpal-gte5,1791244800.0,mlb_wc_player_props_live_20260929,live,1125,4000,0.25,
astatc-mlb-nyy-tb-2026-10-05-hrr-ricpal-gte6,1791244800.0,mlb_wc_player_props_day_of_20260929,day_of,850,4000,0.2,
astatc-mlb-nyy-tb-2026-10-05-hrr-ricpal-gte6,1791244800.0,mlb_wc_player_props_live_20260929,live,1125,4000,0.25,
astatc-mlb-nyy-tb-2026-10-05-hrr-ryamcm-gte1,1791244800.0,mlb_wc_player_props_day_of_20260929,day_of,850,4000,0.2,
astatc-mlb-nyy-tb-2026-10-05-hrr-ryamcm-gte1,1791244800.0,mlb_wc_player_props_live_20260929,live,1125,4000,0.25,
astatc-mlb-nyy-tb-2026-10-05-hrr-ryamcm-gte2,1791244800.0,mlb_wc_player_props_day_of_20260929,day_of,850,4000,0.2,
astatc-mlb-nyy-tb-2026-10-05-hrr-ryamcm-gte2,1791244800.0,mlb_wc_player_props_live_20260929,live,1125,4000,0.25,
astatc-mlb-nyy-tb-2026-10-05-hrr-ryamcm-gte3,1791244800.0,mlb_wc_player_props_day_of_20260929,day_of,850,4000,0.2,
astatc-mlb-nyy-tb-2026-10-05-hrr-ryamcm-gte3,1791244800.0,mlb_wc_player_props_live_20260929,live,1125,4000,0.25,
astatc-mlb-nyy-tb-2026-10-05-hrr-ryamcm-gte4,1791244800.0,mlb_wc_player_props_day_of_20260929,day_of,850,4000,0.2,
astatc-mlb-nyy-tb-2026-10-05-hrr-ryamcm-gte4,1791244800.0,mlb_wc_player_props_live_20260929,live,1125,4000,0.25,
astatc-mlb-nyy-tb-2026-10-05-hrr-spejon-gte1,1791244800.0,mlb_wc_player_props_day_of_20260929,day_of,850,4000,0.2,
astatc-mlb-nyy-tb-2026-10-05-hrr-spejon-gte1,1791244800.0,mlb_wc_player_props_live_20260929,live,1125,4000,0.25,
astatc-mlb-nyy-tb-2026-10-05-hrr-spejon-gte2,1791244800.0,mlb_wc_player_props_day_of_20260929,day_of,850,4000,0.2,
astatc-mlb-nyy-tb-2026-10-05-hrr-spejon-gte2,1791244800.0,mlb_wc_player_props_live_20260929,live,1125,4000,0.25,
astatc-mlb-nyy-tb-2026-10-05-hrr-spejon-gte3,1791244800.0,mlb_wc_player_props_day_of_20260929,day_of,850,4000,0.2,
astatc-mlb-nyy-tb-2026-10-05-hrr-spejon-gte3,1791244800.0,mlb_wc_player_props_live_20260929,live,1125,4000,0.25,
astatc-mlb-nyy-tb-2026-10-05-hrr-spejon-gte4,1791244800.0,mlb_wc_player_props_day_of_20260929,day_of,850,4000,0.2,
astatc-mlb-nyy-tb-2026-10-05-hrr-spejon-gte4,1791244800.0,mlb_wc_player_props_live_20260929,live,1125,4000,0.25,
astatc-mlb-nyy-tb-2026-10-05-hrr-spejon-gte5,1791244800.0,mlb_wc_player_props_day_of_20260929,day_of,850,4000,0.2,
astatc-mlb-nyy-tb-2026-10-05-hrr-spejon-gte5,1791244800.0,mlb_wc_player_props_live_20260929,live,1125,4000,0.25,
astatc-mlb-nyy-tb-2026-10-05-hrr-spejon-gte6,1791244800.0,mlb_wc_player_props_day_of_20260929,day_of,850,4000,0.2,
astatc-mlb-nyy-tb-2026-10-05-hrr-spejon-gte6,1791244800.0,mlb_wc_player_props_live_20260929,live,1125,4000,0.25,
astatc-mlb-nyy-tb-2026-10-05-hrr-taywal-gte1,1791244800.0,mlb_wc_player_props_day_of_20260929,day_of,850,4000,0.2,
astatc-mlb-nyy-tb-2026-10-05-hrr-taywal-gte1,1791244800.0,mlb_wc_player_props_live_20260929,live,1125,4000,0.25,
astatc-mlb-nyy-tb-2026-10-05-hrr-taywal-gte2,1791244800.0,mlb_wc_player_props_day_of_20260929,day_of,850,4000,0.2,
astatc-mlb-nyy-tb-2026-10-05-hrr-taywal-gte2,1791244800.0,mlb_wc_player_props_live_20260929,live,1125,4000,0.25,
astatc-mlb-nyy-tb-2026-10-05-hrr-taywal-gte3,1791244800.0,mlb_wc_player_props_day_of_20260929,day_of,850,4000,0.2,
astatc-mlb-nyy-tb-2026-10-05-hrr-taywal-gte3,1791244800.0,mlb_wc_player_props_live_20260929,live,1125,4000,0.25,
astatc-mlb-nyy-tb-2026-10-05-hrr-taywal-gte4,1791244800.0,mlb_wc_player_props_day_of_20260929,day_of,850,4000,0.2,
astatc-mlb-nyy-tb-2026-10-05-hrr-taywal-gte4,1791244800.0,mlb_wc_player_props_live_20260929,live,1125,4000,0.25,
astatc-mlb-nyy-tb-2026-10-05-hrr-taywal-gte5,1791244800.0,mlb_wc_player_props_day_of_20260929,day_of,850,4000,0.2,
astatc-mlb-nyy-tb-2026-10-05-hrr-taywal-gte5,1791244800.0,mlb_wc_player_props_live_20260929,live,1125,4000,0.25,
astatc-mlb-nyy-tb-2026-10-05-hrr-taywal-gte6,1791244800.0,mlb_wc_player_props_day_of_20260929,day_of,850,4000,0.2,
astatc-mlb-nyy-tb-2026-10-05-hrr-taywal-gte6,1791244800.0,mlb_wc_player_props_live_20260929,live,1125,4000,0.25,
astatc-mlb-nyy-tb-2026-10-05-hrr-tregri-gte1,1791244800.0,mlb_wc_player_props_day_of_20260929,day_of,850,4000,0.2,
astatc-mlb-nyy-tb-2026-10-05-hrr-tregri-gte1,1791244800.0,mlb_wc_player_props_live_20260929,live,1125,4000,0.25,
astatc-mlb-nyy-tb-2026-10-05-hrr-tregri-gte2,1791244800.0,mlb_wc_player_props_day_of_20260929,day_of,850,4000,0.2,
astatc-mlb-nyy-tb-2026-10-05-hrr-tregri-gte2,1791244800.0,mlb_wc_player_props_live_20260929,live,1125,4000,0.25,
astatc-mlb-nyy-tb-2026-10-05-hrr-tregri-gte3,1791244800.0,mlb_wc_player_props_day_of_20260929,day_of,850,4000,0.2,
astatc-mlb-nyy-tb-2026-10-05-hrr-tregri-gte3,1791244800.0,mlb_wc_player_props_live_20260929,live,1125,4000,0.25,
astatc-mlb-nyy-tb-2026-10-05-hrr-tregri-gte4,1791244800.0,mlb_wc_player_props_day_of_20260929,day_of,850,4000,0.2,
astatc-mlb-nyy-tb-2026-10-05-hrr-tregri-gte4,1791244800.0,mlb_wc_player_props_live_20260929,live,1125,4000,0.25,
astatc-mlb-nyy-tb-2026-10-05-hrr-tregri-gte5,1791244800.0,mlb_wc_player_props_day_of_20260929,day_of,850,4000,0.2,
astatc-mlb-nyy-tb-2026-10-05-hrr-tregri-gte5,1791244800.0,mlb_wc_player_props_live_20260929,live,1125,4000,0.25,
astatc-mlb-nyy-tb-2026-10-05-hrr-tregri-gte6,1791244800.0,mlb_wc_player_props_day_of_20260929,day_of,850,4000,0.2,
astatc-mlb-nyy-tb-2026-10-05-hrr-tregri-gte6,1791244800.0,mlb_wc_player_props_live_20260929,live,1125,4000,0.25,
astatc-mlb-nyy-tb-2026-10-05-hrr-vicmes-gte1,1791244800.0,mlb_wc_player_props_day_of_20260929,day_of,850,4000,0.2,
astatc-mlb-nyy-tb-2026-10-05-hrr-vicmes-gte1,1791244800.0,mlb_wc_player_props_live_20260929,live,1125,4000,0.25,
astatc-mlb-nyy-tb-2026-10-05-hrr-vicmes-gte2,1791244800.0,mlb_wc_player_props_day_of_20260929,day_of,850,4000,0.2,
astatc-mlb-nyy-tb-2026-10-05-hrr-vicmes-gte2,1791244800.0,mlb_wc_player_props_live_20260929,live,1125,4000,0.25,
astatc-mlb-nyy-tb-2026-10-05-hrr-vicmes-gte3,1791244800.0,mlb_wc_player_props_day_of_20260929,day_of,850,4000,0.2,
astatc-mlb-nyy-tb-2026-10-05-hrr-vicmes-gte3,1791244800.0,mlb_wc_player_props_live_20260929,live,1125,4000,0.25,
astatc-mlb-nyy-tb-2026-10-05-hrr-vicmes-gte4,1791244800.0,mlb_wc_player_props_day_of_20260929,day_of,850,4000,0.2,
astatc-mlb-nyy-tb-2026-10-05-hrr-vicmes-gte4,1791244800.0,mlb_wc_player_props_live_20260929,live,1125,4000,0.25,
astatc-mlb-nyy-tb-2026-10-05-hrr-vicmes-gte5,1791244800.0,mlb_wc_player_props_day_of_20260929,day_of,850,4000,0.2,
astatc-mlb-nyy-tb-2026-10-05-hrr-vicmes-gte5,1791244800.0,mlb_wc_player_props_live_20260929,live,1125,4000,0.25,
astatc-mlb-nyy-tb-2026-10-05-hrr-vicmes-gte6,1791244800.0,mlb_wc_player_props_day_of_20260929,day_of,850,4000,0.2,
astatc-mlb-nyy-tb-2026-10-05-hrr-vicmes-gte6,1791244800.0,mlb_wc_player_props_live_20260929,live,1125,4000,0.25,
astatc-mlb-nyy-tb-2026-10-05-hrr-yandia-gte1,1791244800.0,mlb_wc_player_props_day_of_20260929,day_of,850,4000,0.2,
astatc-mlb-nyy-tb-2026-10-05-hrr-yandia-gte1,1791244800.0,mlb_wc_player_props_live_20260929,live,1125,4000,0.25,
astatc-mlb-nyy-tb-2026-10-05-hrr-yandia-gte2,1791244800.0,mlb_wc_player_props_day_of_20260929,day_of,850,4000,0.2,
astatc-mlb-nyy-tb-2026-10-05-hrr-yandia-gte2,1791244800.0,mlb_wc_player_props_live_20260929,live,1125,4000,0.25,
astatc-mlb-nyy-tb-2026-10-05-hrr-yandia-gte3,1791244800.0,mlb_wc_player_props_day_of_20260929,day_of,850,4000,0.2,
astatc-mlb-nyy-tb-2026-10-05-hrr-yandia-gte3,1791244800.0,mlb_wc_player_props_live_20260929,live,1125,4000,0.25,
astatc-mlb-nyy-tb-2026-10-05-hrr-yandia-gte4,1791244800.0,mlb_wc_player_props_day_of_20260929,day_of,850,4000,0.2,
astatc-mlb-nyy-tb-2026-10-05-hrr-yandia-gte4,1791244800.0,mlb_wc_player_props_live_20260929,live,1125,4000,0.25,
astatc-mlb-nyy-tb-2026-10-05-hrr-yandia-gte5,1791244800.0,mlb_wc_player_props_day_of_20260929,day_of,850,4000,0.2,
astatc-mlb-nyy-tb-2026-10-05-hrr-yandia-gte5,1791244800.0,mlb_wc_player_props_live_20260929,live,1125,4000,0.25,
astatc-mlb-nyy-tb-2026-10-05-hrr-yandia-gte6,1791244800.0,mlb_wc_player_props_day_of_20260929,day_of,850,4000,0.2,
astatc-mlb-nyy-tb-2026-10-05-hrr-yandia-gte6,1791244800.0,mlb_wc_player_props_live_20260929,live,1125,4000,0.25,
astatc-mlb-nyy-tb-2026-10-05-k-camsch-gte10,1791244800.0,mlb_wc_player_props_day_of_20260929,day_of,850,4000,0.2,
astatc-mlb-nyy-tb-2026-10-05-k-camsch-gte10,1791244800.0,mlb_wc_player_props_live_20260929,live,1125,4000,0.25,
astatc-mlb-nyy-tb-2026-10-05-k-camsch-gte5,1791244800.0,mlb_wc_player_props_day_of_20260929,day_of,850,4000,0.2,
astatc-mlb-nyy-tb-2026-10-05-k-camsch-gte5,1791244800.0,mlb_wc_player_props_live_20260929,live,1125,4000,0.25,
astatc-mlb-nyy-tb-2026-10-05-k-camsch-gte6,1791244800.0,mlb_wc_player_props_day_of_20260929,day_of,850,4000,0.2,
astatc-mlb-nyy-tb-2026-10-05-k-camsch-gte6,1791244800.0,mlb_wc_player_props_live_20260929,live,1125,4000,0.25,
astatc-mlb-nyy-tb-2026-10-05-k-camsch-gte7,1791244800.0,mlb_wc_player_props_day_of_20260929,day_of,850,4000,0.2,
astatc-mlb-nyy-tb-2026-10-05-k-camsch-gte7,1791244800.0,mlb_wc_player_props_live_20260929,live,1125,4000,0.25,
astatc-mlb-nyy-tb-2026-10-05-k-camsch-gte8,1791244800.0,mlb_wc_player_props_day_of_20260929,day_of,850,4000,0.2,
astatc-mlb-nyy-tb-2026-10-05-k-camsch-gte8,1791244800.0,mlb_wc_player_props_live_20260929,live,1125,4000,0.25,
astatc-mlb-nyy-tb-2026-10-05-k-camsch-gte9,1791244800.0,mlb_wc_player_props_day_of_20260929,day_of,850,4000,0.2,
astatc-mlb-nyy-tb-2026-10-05-k-camsch-gte9,1791244800.0,mlb_wc_player_props_live_20260929,live,1125,4000,0.25,
astatc-mlb-nyy-tb-2026-10-05-k-freper-gte3,1791244800.0,mlb_wc_player_props_day_of_20260929,day_of,850,4000,0.2,
astatc-mlb-nyy-tb-2026-10-05-k-freper-gte3,1791244800.0,mlb_wc_player_props_live_20260929,live,1125,4000,0.25,
astatc-mlb-nyy-tb-2026-10-05-k-freper-gte4,1791244800.0,mlb_wc_player_props_day_of_20260929,day_of,850,4000,0.2,
astatc-mlb-nyy-tb-2026-10-05-k-freper-gte4,1791244800.0,mlb_wc_player_props_live_20260929,live,1125,4000,0.25,
astatc-mlb-nyy-tb-2026-10-05-k-freper-gte5,1791244800.0,mlb_wc_player_props_day_of_20260929,day_of,850,4000,0.2,
astatc-mlb-nyy-tb-2026-10-05-k-freper-gte5,1791244800.0,mlb_wc_player_props_live_20260929,live,1125,4000,0.25,
astatc-mlb-nyy-tb-2026-10-05-k-freper-gte6,1791244800.0,mlb_wc_player_props_day_of_20260929,day_of,850,4000,0.2,
astatc-mlb-nyy-tb-2026-10-05-k-freper-gte6,1791244800.0,mlb_wc_player_props_live_20260929,live,1125,4000,0.25,
astatc-mlb-nyy-tb-2026-10-05-k-freper-gte7,1791244800.0,mlb_wc_player_props_day_of_20260929,day_of,850,4000,0.2,
astatc-mlb-nyy-tb-2026-10-05-k-freper-gte7,1791244800.0,mlb_wc_player_props_live_20260929,live,1125,4000,0.25,
astatc-mlb-nyy-tb-2026-10-05-k-freper-gte8,1791244800.0,mlb_wc_player_props_day_of_20260929,day_of,850,4000,0.2,
astatc-mlb-nyy-tb-2026-10-05-k-freper-gte8,1791244800.0,mlb_wc_player_props_live_20260929,live,1125,4000,0.25,
astatc-mlb-nyy-tb-2026-10-05-k-freper-gte9,1791244800.0,mlb_wc_player_props_day_of_20260929,day_of,850,4000,0.2,
astatc-mlb-nyy-tb-2026-10-05-k-freper-gte9,1791244800.0,mlb_wc_player_props_live_20260929,live,1125,4000,0.25,
astatc-mlb-nyy-tb-2026-10-05-outs-camsch-gte16,1791244800.0,mlb_wc_player_props_day_of_20260929,day_of,850,4000,0.2,
astatc-mlb-nyy-tb-2026-10-05-outs-camsch-gte16,1791244800.0,mlb_wc_player_props_live_20260929,live,1125,4000,0.25,
astatc-mlb-nyy-tb-2026-10-05-outs-camsch-gte17,1791244800.0,mlb_wc_player_props_day_of_20260929,day_of,850,4000,0.2,
astatc-mlb-nyy-tb-2026-10-05-outs-camsch-gte17,1791244800.0,mlb_wc_player_props_live_20260929,live,1125,4000,0.25,
astatc-mlb-nyy-tb-2026-10-05-outs-camsch-gte18,1791244800.0,mlb_wc_player_props_day_of_20260929,day_of,850,4000,0.2,
astatc-mlb-nyy-tb-2026-10-05-outs-camsch-gte18,1791244800.0,mlb_wc_player_props_live_20260929,live,1125,4000,0.25,
astatc-mlb-nyy-tb-2026-10-05-outs-freper-gte12,1791244800.0,mlb_wc_player_props_day_of_20260929,day_of,850,4000,0.2,
astatc-mlb-nyy-tb-2026-10-05-outs-freper-gte12,1791244800.0,mlb_wc_player_props_live_20260929,live,1125,4000,0.25,
astatc-mlb-nyy-tb-2026-10-05-outs-freper-gte13,1791244800.0,mlb_wc_player_props_day_of_20260929,day_of,850,4000,0.2,
astatc-mlb-nyy-tb-2026-10-05-outs-freper-gte13,1791244800.0,mlb_wc_player_props_live_20260929,live,1125,4000,0.25,
astatc-mlb-nyy-tb-2026-10-05-outs-freper-gte14,1791244800.0,mlb_wc_player_props_day_of_20260929,day_of,850,4000,0.2,
astatc-mlb-nyy-tb-2026-10-05-outs-freper-gte14,1791244800.0,mlb_wc_player_props_live_20260929,live,1125,4000,0.25,
astatc-mlb-nyy-tb-2026-10-05-outs-freper-gte15,1791244800.0,mlb_wc_player_props_day_of_20260929,day_of,850,4000,0.2,
astatc-mlb-nyy-tb-2026-10-05-outs-freper-gte15,1791244800.0,mlb_wc_player_props_live_20260929,live,1125,4000,0.25,
astatc-mlb-nyy-tb-2026-10-05-rbi-auswel-gte1,1791244800.0,mlb_wc_player_props_day_of_20260929,day_of,850,4000,0.2,
astatc-mlb-nyy-tb-2026-10-05-rbi-auswel-gte1,1791244800.0,mlb_wc_player_props_live_20260929,live,1125,4000,0.25,
astatc-mlb-nyy-tb-2026-10-05-rbi-auswel-gte2,1791244800.0,mlb_wc_player_props_day_of_20260929,day_of,850,4000,0.2,
astatc-mlb-nyy-tb-2026-10-05-rbi-auswel-gte2,1791244800.0,mlb_wc_player_props_live_20260929,live,1125,4000,0.25,
astatc-mlb-nyy-tb-2026-10-05-rbi-benric-gte1,1791244800.0,mlb_wc_player_props_day_of_20260929,day_of,850,4000,0.2,
astatc-mlb-nyy-tb-2026-10-05-rbi-benric-gte1,1791244800.0,mlb_wc_player_props_live_20260929,live,1125,4000,0.25,
astatc-mlb-nyy-tb-2026-10-05-rbi-benric-gte2,1791244800.0,mlb_wc_player_props_day_of_20260929,day_of,850,4000,0.2,
astatc-mlb-nyy-tb-2026-10-05-rbi-benric-gte2,1791244800.0,mlb_wc_player_props_live_20260929,live,1125,4000,0.25,
astatc-mlb-nyy-tb-2026-10-05-rbi-benric-gte3,1791244800.0,mlb_wc_player_props_day_of_20260929,day_of,850,4000,0.2,
astatc-mlb-nyy-tb-2026-10-05-rbi-benric-gte3,1791244800.0,mlb_wc_player_props_live_20260929,live,1125,4000,0.25,
astatc-mlb-nyy-tb-2026-10-05-rbi-chasim-gte1,1791244800.0,mlb_wc_player_props_day_of_20260929,day_of,850,4000,0.2,
astatc-mlb-nyy-tb-2026-10-05-rbi-chasim-gte1,1791244800.0,mlb_wc_player_props_live_20260929,live,1125,4000,0.25,
astatc-mlb-nyy-tb-2026-10-05-rbi-chasim-gte2,1791244800.0,mlb_wc_player_props_day_of_20260929,day_of,850,4000,0.2,
astatc-mlb-nyy-tb-2026-10-05-rbi-chasim-gte2,1791244800.0,mlb_wc_player_props_live_20260929,live,1125,4000,0.25,
astatc-mlb-nyy-tb-2026-10-05-rbi-chasim-gte3,1791244800.0,mlb_wc_player_props_day_of_20260929,day_of,850,4000,0.2,
astatc-mlb-nyy-tb-2026-10-05-rbi-chasim-gte3,1791244800.0,mlb_wc_player_props_live_20260929,live,1125,4000,0.25,
astatc-mlb-nyy-tb-2026-10-05-rbi-codbel-gte1,1791244800.0,mlb_wc_player_props_day_of_20260929,day_of,850,4000,0.2,
astatc-mlb-nyy-tb-2026-10-05-rbi-codbel-gte1,1791244800.0,mlb_wc_player_props_live_20260929,live,1125,4000,0.25,
astatc-mlb-nyy-tb-2026-10-05-rbi-codbel-gte2,1791244800.0,mlb_wc_player_props_day_of_20260929,day_of,850,4000,0.2,
astatc-mlb-nyy-tb-2026-10-05-rbi-codbel-gte2,1791244800.0,mlb_wc_player_props_live_20260929,live,1125,4000,0.25,
astatc-mlb-nyy-tb-2026-10-05-rbi-codbel-gte3,1791244800.0,mlb_wc_player_props_day_of_20260929,day_of,850,4000,0.2,
astatc-mlb-nyy-tb-2026-10-05-rbi-codbel-gte3,1791244800.0,mlb_wc_player_props_live_20260929,live,1125,4000,0.25,
astatc-mlb-nyy-tb-2026-10-05-rbi-geolom-gte1,1791244800.0,mlb_wc_player_props_day_of_20260929,day_of,850,4000,0.2,
astatc-mlb-nyy-tb-2026-10-05-rbi-geolom-gte1,1791244800.0,mlb_wc_player_props_live_20260929,live,1125,4000,0.25,
astatc-mlb-nyy-tb-2026-10-05-rbi-geolom-gte2,1791244800.0,mlb_wc_player_props_day_of_20260929,day_of,850,4000,0.2,
astatc-mlb-nyy-tb-2026-10-05-rbi-geolom-gte2,1791244800.0,mlb_wc_player_props_live_20260929,live,1125,4000,0.25,
astatc-mlb-nyy-tb-2026-10-05-rbi-geolom-gte3,1791244800.0,mlb_wc_player_props_day_of_20260929,day_of,850,4000,0.2,
astatc-mlb-nyy-tb-2026-10-05-rbi-geolom-gte3,1791244800.0,mlb_wc_player_props_live_20260929,live,1125,4000,0.25,
astatc-mlb-nyy-tb-2026-10-05-rbi-jazchi-gte1,1791244800.0,mlb_wc_player_props_day_of_20260929,day_of,850,4000,0.2,
astatc-mlb-nyy-tb-2026-10-05-rbi-jazchi-gte1,1791244800.0,mlb_wc_player_props_live_20260929,live,1125,4000,0.25,
astatc-mlb-nyy-tb-2026-10-05-rbi-jazchi-gte2,1791244800.0,mlb_wc_player_props_day_of_20260929,day_of,850,4000,0.2,
astatc-mlb-nyy-tb-2026-10-05-rbi-jazchi-gte2,1791244800.0,mlb_wc_player_props_live_20260929,live,1125,4000,0.25,
astatc-mlb-nyy-tb-2026-10-05-rbi-jazchi-gte3,1791244800.0,mlb_wc_player_props_day_of_20260929,day_of,850,4000,0.2,
astatc-mlb-nyy-tb-2026-10-05-rbi-jazchi-gte3,1791244800.0,mlb_wc_player_props_live_20260929,live,1125,4000,0.25,
astatc-mlb-nyy-tb-2026-10-05-rbi-jonara-gte1,1791244800.0,mlb_wc_player_props_day_of_20260929,day_of,850,4000,0.2,
astatc-mlb-nyy-tb-2026-10-05-rbi-jonara-gte1,1791244800.0,mlb_wc_player_props_live_20260929,live,1125,4000,0.25,
astatc-mlb-nyy-tb-2026-10-05-rbi-jonara-gte2,1791244800.0,mlb_wc_player_props_day_of_20260929,day_of,850,4000,0.2,
astatc-mlb-nyy-tb-2026-10-05-rbi-jonara-gte2,1791244800.0,mlb_wc_player_props_live_20260929,live,1125,4000,0.25,
astatc-mlb-nyy-tb-2026-10-05-rbi-jonara-gte3,1791244800.0,mlb_wc_player_props_day_of_20260929,day_of,850,4000,0.2,
astatc-mlb-nyy-tb-2026-10-05-rbi-jonara-gte3,1791244800.0,mlb_wc_player_props_live_20260929,live,1125,4000,0.25,
astatc-mlb-nyy-tb-2026-10-05-rbi-jondel-gte1,1791244800.0,mlb_wc_player_props_day_of_20260929,day_of,850,4000,0.2,
astatc-mlb-nyy-tb-2026-10-05-rbi-jondel-gte1,1791244800.0,mlb_wc_player_props_live_20260929,live,1125,4000,0.25,
astatc-mlb-nyy-tb-2026-10-05-rbi-jondel-gte2,1791244800.0,mlb_wc_player_props_day_of_20260929,day_of,850,4000,0.2,
astatc-mlb-nyy-tb-2026-10-05-rbi-jondel-gte2,1791244800.0,mlb_wc_player_props_live_20260929,live,1125,4000,0.25,
astatc-mlb-nyy-tb-2026-10-05-rbi-jondel-gte3,1791244800.0,mlb_wc_player_props_day_of_20260929,day_of,850,4000,0.2,
astatc-mlb-nyy-tb-2026-10-05-rbi-jondel-gte3,1791244800.0,mlb_wc_player_props_live_20260929,live,1125,4000,0.25,
astatc-mlb-nyy-tb-2026-10-05-rbi-juncam-gte1,1791244800.0,mlb_wc_player_props_day_of_20260929,day_of,850,4000,0.2,
astatc-mlb-nyy-tb-2026-10-05-rbi-juncam-gte1,1791244800.0,mlb_wc_player_props_live_20260929,live,1125,4000,0.25,
astatc-mlb-nyy-tb-2026-10-05-rbi-juncam-gte2,1791244800.0,mlb_wc_player_props_day_of_20260929,day_of,850,4000,0.2,
astatc-mlb-nyy-tb-2026-10-05-rbi-juncam-gte2,1791244800.0,mlb_wc_player_props_live_20260929,live,1125,4000,0.25,
astatc-mlb-nyy-tb-2026-10-05-rbi-juncam-gte3,1791244800.0,mlb_wc_player_props_day_of_20260929,day_of,850,4000,0.2,
astatc-mlb-nyy-tb-2026-10-05-rbi-juncam-gte3,1791244800.0,mlb_wc_player_props_live_20260929,live,1125,4000,0.25,
astatc-mlb-nyy-tb-2026-10-05-rbi-liahic-gte1,1791244800.0,mlb_wc_player_props_day_of_20260929,day_of,850,4000,0.2,
astatc-mlb-nyy-tb-2026-10-05-rbi-liahic-gte1,1791244800.0,mlb_wc_player_props_live_20260929,live,1125,4000,0.25,
astatc-mlb-nyy-tb-2026-10-05-rbi-liahic-gte2,1791244800.0,mlb_wc_player_props_day_of_20260929,day_of,850,4000,0.2,
astatc-mlb-nyy-tb-2026-10-05-rbi-liahic-gte2,1791244800.0,mlb_wc_player_props_live_20260929,live,1125,4000,0.25,
astatc-mlb-nyy-tb-2026-10-05-rbi-liahic-gte3,1791244800.0,mlb_wc_player_props_day_of_20260929,day_of,850,4000,0.2,
astatc-mlb-nyy-tb-2026-10-05-rbi-liahic-gte3,1791244800.0,mlb_wc_player_props_live_20260929,live,1125,4000,0.25,
astatc-mlb-nyy-tb-2026-10-05-rbi-luigar2-gte1,1791244800.0,mlb_wc_player_props_day_of_20260929,day_of,850,4000,0.2,
astatc-mlb-nyy-tb-2026-10-05-rbi-luigar2-gte1,1791244800.0,mlb_wc_player_props_live_20260929,live,1125,4000,0.25,
astatc-mlb-nyy-tb-2026-10-05-rbi-luigar2-gte2,1791244800.0,mlb_wc_player_props_day_of_20260929,day_of,850,4000,0.2,
astatc-mlb-nyy-tb-2026-10-05-rbi-luigar2-gte2,1791244800.0,mlb_wc_player_props_live_20260929,live,1125,4000,0.25,
astatc-mlb-nyy-tb-2026-10-05-rbi-luigar2-gte3,1791244800.0,mlb_wc_player_props_day_of_20260929,day_of,850,4000,0.2,
astatc-mlb-nyy-tb-2026-10-05-rbi-luigar2-gte3,1791244800.0,mlb_wc_player_props_live_20260929,live,1125,4000,0.25,
astatc-mlb-nyy-tb-2026-10-05-rbi-ricpal-gte1,1791244800.0,mlb_wc_player_props_day_of_20260929,day_of,850,4000,0.2,
astatc-mlb-nyy-tb-2026-10-05-rbi-ricpal-gte1,1791244800.0,mlb_wc_player_props_live_20260929,live,1125,4000,0.25,
astatc-mlb-nyy-tb-2026-10-05-rbi-ricpal-gte2,1791244800.0,mlb_wc_player_props_day_of_20260929,day_of,850,4000,0.2,
astatc-mlb-nyy-tb-2026-10-05-rbi-ricpal-gte2,1791244800.0,mlb_wc_player_props_live_20260929,live,1125,4000,0.25,
astatc-mlb-nyy-tb-2026-10-05-rbi-ricpal-gte3,1791244800.0,mlb_wc_player_props_day_of_20260929,day_of,850,4000,0.2,
astatc-mlb-nyy-tb-2026-10-05-rbi-ricpal-gte3,1791244800.0,mlb_wc_player_props_live_20260929,live,1125,4000,0.25,
astatc-mlb-nyy-tb-2026-10-05-rbi-ryamcm-gte1,1791244800.0,mlb_wc_player_props_day_of_20260929,day_of,850,4000,0.2,
astatc-mlb-nyy-tb-2026-10-05-rbi-ryamcm-gte1,1791244800.0,mlb_wc_player_props_live_20260929,live,1125,4000,0.25,
astatc-mlb-nyy-tb-2026-10-05-rbi-ryamcm-gte2,1791244800.0,mlb_wc_player_props_day_of_20260929,day_of,850,4000,0.2,
astatc-mlb-nyy-tb-2026-10-05-rbi-ryamcm-gte2,1791244800.0,mlb_wc_player_props_live_20260929,live,1125,4000,0.25,
astatc-mlb-nyy-tb-2026-10-05-rbi-spejon-gte1,1791244800.0,mlb_wc_player_props_day_of_20260929,day_of,850,4000,0.2,
astatc-mlb-nyy-tb-2026-10-05-rbi-spejon-gte1,1791244800.0,mlb_wc_player_props_live_20260929,live,1125,4000,0.25,
astatc-mlb-nyy-tb-2026-10-05-rbi-spejon-gte2,1791244800.0,mlb_wc_player_props_day_of_20260929,day_of,850,4000,0.2,
astatc-mlb-nyy-tb-2026-10-05-rbi-spejon-gte2,1791244800.0,mlb_wc_player_props_live_20260929,live,1125,4000,0.25,
astatc-mlb-nyy-tb-2026-10-05-rbi-spejon-gte3,1791244800.0,mlb_wc_player_props_day_of_20260929,day_of,850,4000,0.2,
astatc-mlb-nyy-tb-2026-10-05-rbi-spejon-gte3,1791244800.0,mlb_wc_player_props_live_20260929,live,1125,4000,0.25,
astatc-mlb-nyy-tb-2026-10-05-rbi-taywal-gte1,1791244800.0,mlb_wc_player_props_day_of_20260929,day_of,850,4000,0.2,
astatc-mlb-nyy-tb-2026-10-05-rbi-taywal-gte1,1791244800.0,mlb_wc_player_props_live_20260929,live,1125,4000,0.25,
astatc-mlb-nyy-tb-2026-10-05-rbi-taywal-gte2,1791244800.0,mlb_wc_player_props_day_of_20260929,day_of,850,4000,0.2,
astatc-mlb-nyy-tb-2026-10-05-rbi-taywal-gte2,1791244800.0,mlb_wc_player_props_live_20260929,live,1125,4000,0.25,
astatc-mlb-nyy-tb-2026-10-05-rbi-taywal-gte3,1791244800.0,mlb_wc_player_props_day_of_20260929,day_of,850,4000,0.2,
astatc-mlb-nyy-tb-2026-10-05-rbi-taywal-gte3,1791244800.0,mlb_wc_player_props_live_20260929,live,1125,4000,0.25,
astatc-mlb-nyy-tb-2026-10-05-rbi-tregri-gte1,1791244800.0,mlb_wc_player_props_day_of_20260929,day_of,850,4000,0.2,
astatc-mlb-nyy-tb-2026-10-05-rbi-tregri-gte1,1791244800.0,mlb_wc_player_props_live_20260929,live,1125,4000,0.25,
astatc-mlb-nyy-tb-2026-10-05-rbi-tregri-gte2,1791244800.0,mlb_wc_player_props_day_of_20260929,day_of,850,4000,0.2,
astatc-mlb-nyy-tb-2026-10-05-rbi-tregri-gte2,1791244800.0,mlb_wc_player_props_live_20260929,live,1125,4000,0.25,
astatc-mlb-nyy-tb-2026-10-05-rbi-tregri-gte3,1791244800.0,mlb_wc_player_props_day_of_20260929,day_of,850,4000,0.2,
astatc-mlb-nyy-tb-2026-10-05-rbi-tregri-gte3,1791244800.0,mlb_wc_player_props_live_20260929,live,1125,4000,0.25,
astatc-mlb-nyy-tb-2026-10-05-rbi-vicmes-gte1,1791244800.0,mlb_wc_player_props_day_of_20260929,day_of,850,4000,0.2,
astatc-mlb-nyy-tb-2026-10-05-rbi-vicmes-gte1,1791244800.0,mlb_wc_player_props_live_20260929,live,1125,4000,0.25,
astatc-mlb-nyy-tb-2026-10-05-rbi-vicmes-gte2,1791244800.0,mlb_wc_player_props_day_of_20260929,day_of,850,4000,0.2,
astatc-mlb-nyy-tb-2026-10-05-rbi-vicmes-gte2,1791244800.0,mlb_wc_player_props_live_20260929,live,1125,4000,0.25,
astatc-mlb-nyy-tb-2026-10-05-rbi-vicmes-gte3,1791244800.0,mlb_wc_player_props_day_of_20260929,day_of,850,4000,0.2,
astatc-mlb-nyy-tb-2026-10-05-rbi-vicmes-gte3,1791244800.0,mlb_wc_player_props_live_20260929,live,1125,4000,0.25,
astatc-mlb-nyy-tb-2026-10-05-rbi-yandia-gte1,1791244800.0,mlb_wc_player_props_day_of_20260929,day_of,850,4000,0.2,
astatc-mlb-nyy-tb-2026-10-05-rbi-yandia-gte1,1791244800.0,mlb_wc_player_props_live_20260929,live,1125,4000,0.25,
astatc-mlb-nyy-tb-2026-10-05-rbi-yandia-gte2,1791244800.0,mlb_wc_player_props_day_of_20260929,day_of,850,4000,0.2,
astatc-mlb-nyy-tb-2026-10-05-rbi-yandia-gte2,1791244800.0,mlb_wc_player_props_live_20260929,live,1125,4000,0.25,
astatc-mlb-nyy-tb-2026-10-05-rbi-yandia-gte3,1791244800.0,mlb_wc_player_props_day_of_20260929,day_of,850,4000,0.2,
astatc-mlb-nyy-tb-2026-10-05-rbi-yandia-gte3,1791244800.0,mlb_wc_player_props_live_20260929,live,1125,4000,0.25,
astatc-mlb-nyy-tb-2026-10-05-sb-auswel-gte1,1791244800.0,mlb_wc_player_props_day_of_20260929,day_of,850,4000,0.2,
astatc-mlb-nyy-tb-2026-10-05-sb-auswel-gte1,1791244800.0,mlb_wc_player_props_live_20260929,live,1125,4000,0.25,
astatc-mlb-nyy-tb-2026-10-05-sb-chasim-gte1,1791244800.0,mlb_wc_player_props_day_of_20260929,day_of,850,4000,0.2,
astatc-mlb-nyy-tb-2026-10-05-sb-chasim-gte1,1791244800.0,mlb_wc_player_props_live_20260929,live,1125,4000,0.25,
astatc-mlb-nyy-tb-2026-10-05-sb-codbel-gte1,1791244800.0,mlb_wc_player_props_day_of_20260929,day_of,850,4000,0.2,
astatc-mlb-nyy-tb-2026-10-05-sb-codbel-gte1,1791244800.0,mlb_wc_player_props_live_20260929,live,1125,4000,0.25,
astatc-mlb-nyy-tb-2026-10-05-sb-geolom-gte1,1791244800.0,mlb_wc_player_props_day_of_20260929,day_of,850,4000,0.2,
astatc-mlb-nyy-tb-2026-10-05-sb-geolom-gte1,1791244800.0,mlb_wc_player_props_live_20260929,live,1125,4000,0.25,
astatc-mlb-nyy-tb-2026-10-05-sb-jazchi-gte1,1791244800.0,mlb_wc_player_props_day_of_20260929,day_of,850,4000,0.2,
astatc-mlb-nyy-tb-2026-10-05-sb-jazchi-gte1,1791244800.0,mlb_wc_player_props_live_20260929,live,1125,4000,0.25,
astatc-mlb-nyy-tb-2026-10-05-sb-jondel-gte1,1791244800.0,mlb_wc_player_props_day_of_20260929,day_of,850,4000,0.2,
astatc-mlb-nyy-tb-2026-10-05-sb-jondel-gte1,1791244800.0,mlb_wc_player_props_live_20260929,live,1125,4000,0.25,
astatc-mlb-nyy-tb-2026-10-05-sb-luigar2-gte1,1791244800.0,mlb_wc_player_props_day_of_20260929,day_of,850,4000,0.2,
astatc-mlb-nyy-tb-2026-10-05-sb-luigar2-gte1,1791244800.0,mlb_wc_player_props_live_20260929,live,1125,4000,0.25,
astatc-mlb-nyy-tb-2026-10-05-sb-ricpal-gte1,1791244800.0,mlb_wc_player_props_day_of_20260929,day_of,850,4000,0.2,
astatc-mlb-nyy-tb-2026-10-05-sb-ricpal-gte1,1791244800.0,mlb_wc_player_props_live_20260929,live,1125,4000,0.25,
astatc-mlb-nyy-tb-2026-10-05-sb-spejon-gte1,1791244800.0,mlb_wc_player_props_day_of_20260929,day_of,850,4000,0.2,
astatc-mlb-nyy-tb-2026-10-05-sb-spejon-gte1,1791244800.0,mlb_wc_player_props_live_20260929,live,1125,4000,0.25,
astatc-mlb-nyy-tb-2026-10-05-sb-taywal-gte1,1791244800.0,mlb_wc_player_props_day_of_20260929,day_of,850,4000,0.2,
astatc-mlb-nyy-tb-2026-10-05-sb-taywal-gte1,1791244800.0,mlb_wc_player_props_live_20260929,live,1125,4000,0.25,
astatc-mlb-nyy-tb-2026-10-05-sb-tregri-gte1,1791244800.0,mlb_wc_player_props_day_of_20260929,day_of,850,4000,0.2,
astatc-mlb-nyy-tb-2026-10-05-sb-tregri-gte1,1791244800.0,mlb_wc_player_props_live_20260929,live,1125,4000,0.25,
astatc-mlb-nyy-tb-2026-10-05-sb-vicmes-gte1,1791244800.0,mlb_wc_player_props_day_of_20260929,day_of,850,4000,0.2,
astatc-mlb-nyy-tb-2026-10-05-sb-vicmes-gte1,1791244800.0,mlb_wc_player_props_live_20260929,live,1125,4000,0.25,
astatc-mlb-nyy-tb-2026-10-05-sb-yandia-gte1,1791244800.0,mlb_wc_player_props_day_of_20260929,day_of,850,4000,0.2,
astatc-mlb-nyy-tb-2026-10-05-sb-yandia-gte1,1791244800.0,mlb_wc_player_props_live_20260929,live,1125,4000,0.25,
astatc-mlb-nyy-tb-2026-10-05-tb-auswel-gte2,1791244800.0,mlb_wc_player_props_day_of_20260929,day_of,850,4000,0.2,
astatc-mlb-nyy-tb-2026-10-05-tb-auswel-gte2,1791244800.0,mlb_wc_player_props_live_20260929,live,1125,4000,0.25,
astatc-mlb-nyy-tb-2026-10-05-tb-auswel-gte3,1791244800.0,mlb_wc_player_props_day_of_20260929,day_of,850,4000,0.2,
astatc-mlb-nyy-tb-2026-10-05-tb-auswel-gte3,1791244800.0,mlb_wc_player_props_live_20260929,live,1125,4000,0.25,
astatc-mlb-nyy-tb-2026-10-05-tb-auswel-gte4,1791244800.0,mlb_wc_player_props_day_of_20260929,day_of,850,4000,0.2,
astatc-mlb-nyy-tb-2026-10-05-tb-auswel-gte4,1791244800.0,mlb_wc_player_props_live_20260929,live,1125,4000,0.25,
astatc-mlb-nyy-tb-2026-10-05-tb-benric-gte2,1791244800.0,mlb_wc_player_props_day_of_20260929,day_of,850,4000,0.2,
astatc-mlb-nyy-tb-2026-10-05-tb-benric-gte2,1791244800.0,mlb_wc_player_props_live_20260929,live,1125,4000,0.25,
astatc-mlb-nyy-tb-2026-10-05-tb-benric-gte3,1791244800.0,mlb_wc_player_props_day_of_20260929,day_of,850,4000,0.2,
astatc-mlb-nyy-tb-2026-10-05-tb-benric-gte3,1791244800.0,mlb_wc_player_props_live_20260929,live,1125,4000,0.25,
astatc-mlb-nyy-tb-2026-10-05-tb-benric-gte4,1791244800.0,mlb_wc_player_props_day_of_20260929,day_of,850,4000,0.2,
astatc-mlb-nyy-tb-2026-10-05-tb-benric-gte4,1791244800.0,mlb_wc_player_props_live_20260929,live,1125,4000,0.25,
astatc-mlb-nyy-tb-2026-10-05-tb-benric-gte5,1791244800.0,mlb_wc_player_props_day_of_20260929,day_of,850,4000,0.2,
astatc-mlb-nyy-tb-2026-10-05-tb-benric-gte5,1791244800.0,mlb_wc_player_props_live_20260929,live,1125,4000,0.25,
astatc-mlb-nyy-tb-2026-10-05-tb-benric-gte6,1791244800.0,mlb_wc_player_props_day_of_20260929,day_of,850,4000,0.2,
astatc-mlb-nyy-tb-2026-10-05-tb-benric-gte6,1791244800.0,mlb_wc_player_props_live_20260929,live,1125,4000,0.25,
astatc-mlb-nyy-tb-2026-10-05-tb-chasim-gte2,1791244800.0,mlb_wc_player_props_day_of_20260929,day_of,850,4000,0.2,
astatc-mlb-nyy-tb-2026-10-05-tb-chasim-gte2,1791244800.0,mlb_wc_player_props_live_20260929,live,1125,4000,0.25,
astatc-mlb-nyy-tb-2026-10-05-tb-chasim-gte3,1791244800.0,mlb_wc_player_props_day_of_20260929,day_of,850,4000,0.2,
astatc-mlb-nyy-tb-2026-10-05-tb-chasim-gte3,1791244800.0,mlb_wc_player_props_live_20260929,live,1125,4000,0.25,
astatc-mlb-nyy-tb-2026-10-05-tb-chasim-gte4,1791244800.0,mlb_wc_player_props_day_of_20260929,day_of,850,4000,0.2,
astatc-mlb-nyy-tb-2026-10-05-tb-chasim-gte4,1791244800.0,mlb_wc_player_props_live_20260929,live,1125,4000,0.25,
astatc-mlb-nyy-tb-2026-10-05-tb-chasim-gte5,1791244800.0,mlb_wc_player_props_day_of_20260929,day_of,850,4000,0.2,
astatc-mlb-nyy-tb-2026-10-05-tb-chasim-gte5,1791244800.0,mlb_wc_player_props_live_20260929,live,1125,4000,0.25,
astatc-mlb-nyy-tb-2026-10-05-tb-chasim-gte6,1791244800.0,mlb_wc_player_props_day_of_20260929,day_of,850,4000,0.2,
astatc-mlb-nyy-tb-2026-10-05-tb-chasim-gte6,1791244800.0,mlb_wc_player_props_live_20260929,live,1125,4000,0.25,
astatc-mlb-nyy-tb-2026-10-05-tb-codbel-gte2,1791244800.0,mlb_wc_player_props_day_of_20260929,day_of,850,4000,0.2,
astatc-mlb-nyy-tb-2026-10-05-tb-codbel-gte2,1791244800.0,mlb_wc_player_props_live_20260929,live,1125,4000,0.25,
astatc-mlb-nyy-tb-2026-10-05-tb-codbel-gte3,1791244800.0,mlb_wc_player_props_day_of_20260929,day_of,850,4000,0.2,
astatc-mlb-nyy-tb-2026-10-05-tb-codbel-gte3,1791244800.0,mlb_wc_player_props_live_20260929,live,1125,4000,0.25,
astatc-mlb-nyy-tb-2026-10-05-tb-codbel-gte4,1791244800.0,mlb_wc_player_props_day_of_20260929,day_of,850,4000,0.2,
astatc-mlb-nyy-tb-2026-10-05-tb-codbel-gte4,1791244800.0,mlb_wc_player_props_live_20260929,live,1125,4000,0.25,
astatc-mlb-nyy-tb-2026-10-05-tb-codbel-gte5,1791244800.0,mlb_wc_player_props_day_of_20260929,day_of,850,4000,0.2,
astatc-mlb-nyy-tb-2026-10-05-tb-codbel-gte5,1791244800.0,mlb_wc_player_props_live_20260929,live,1125,4000,0.25,
astatc-mlb-nyy-tb-2026-10-05-tb-codbel-gte6,1791244800.0,mlb_wc_player_props_day_of_20260929,day_of,850,4000,0.2,
astatc-mlb-nyy-tb-2026-10-05-tb-codbel-gte6,1791244800.0,mlb_wc_player_props_live_20260929,live,1125,4000,0.25,
astatc-mlb-nyy-tb-2026-10-05-tb-geolom-gte2,1791244800.0,mlb_wc_player_props_day_of_20260929,day_of,850,4000,0.2,
astatc-mlb-nyy-tb-2026-10-05-tb-geolom-gte2,1791244800.0,mlb_wc_player_props_live_20260929,live,1125,4000,0.25,
astatc-mlb-nyy-tb-2026-10-05-tb-geolom-gte3,1791244800.0,mlb_wc_player_props_day_of_20260929,day_of,850,4000,0.2,
astatc-mlb-nyy-tb-2026-10-05-tb-geolom-gte3,1791244800.0,mlb_wc_player_props_live_20260929,live,1125,4000,0.25,
astatc-mlb-nyy-tb-2026-10-05-tb-geolom-gte4,1791244800.0,mlb_wc_player_props_day_of_20260929,day_of,850,4000,0.2,
astatc-mlb-nyy-tb-2026-10-05-tb-geolom-gte4,1791244800.0,mlb_wc_player_props_live_20260929,live,1125,4000,0.25,
astatc-mlb-nyy-tb-2026-10-05-tb-geolom-gte5,1791244800.0,mlb_wc_player_props_day_of_20260929,day_of,850,4000,0.2,
astatc-mlb-nyy-tb-2026-10-05-tb-geolom-gte5,1791244800.0,mlb_wc_player_props_live_20260929,live,1125,4000,0.25,
astatc-mlb-nyy-tb-2026-10-05-tb-geolom-gte6,1791244800.0,mlb_wc_player_props_day_of_20260929,day_of,850,4000,0.2,
astatc-mlb-nyy-tb-2026-10-05-tb-geolom-gte6,1791244800.0,mlb_wc_player_props_live_20260929,live,1125,4000,0.25,
astatc-mlb-nyy-tb-2026-10-05-tb-jazchi-gte2,1791244800.0,mlb_wc_player_props_day_of_20260929,day_of,850,4000,0.2,
astatc-mlb-nyy-tb-2026-10-05-tb-jazchi-gte2,1791244800.0,mlb_wc_player_props_live_20260929,live,1125,4000,0.25,
astatc-mlb-nyy-tb-2026-10-05-tb-jazchi-gte3,1791244800.0,mlb_wc_player_props_day_of_20260929,day_of,850,4000,0.2,
astatc-mlb-nyy-tb-2026-10-05-tb-jazchi-gte3,1791244800.0,mlb_wc_player_props_live_20260929,live,1125,4000,0.25,
astatc-mlb-nyy-tb-2026-10-05-tb-jazchi-gte4,1791244800.0,mlb_wc_player_props_day_of_20260929,day_of,850,4000,0.2,
astatc-mlb-nyy-tb-2026-10-05-tb-jazchi-gte4,1791244800.0,mlb_wc_player_props_live_20260929,live,1125,4000,0.25,
astatc-mlb-nyy-tb-2026-10-05-tb-jazchi-gte5,1791244800.0,mlb_wc_player_props_day_of_20260929,day_of,850,4000,0.2,
astatc-mlb-nyy-tb-2026-10-05-tb-jazchi-gte5,1791244800.0,mlb_wc_player_props_live_20260929,live,1125,4000,0.25,
astatc-mlb-nyy-tb-2026-10-05-tb-jazchi-gte6,1791244800.0,mlb_wc_player_props_day_of_20260929,day_of,850,4000,0.2,
astatc-mlb-nyy-tb-2026-10-05-tb-jazchi-gte6,1791244800.0,mlb_wc_player_props_live_20260929,live,1125,4000,0.25,
astatc-mlb-nyy-tb-2026-10-05-tb-jonara-gte2,1791244800.0,mlb_wc_player_props_day_of_20260929,day_of,850,4000,0.2,
astatc-mlb-nyy-tb-2026-10-05-tb-jonara-gte2,1791244800.0,mlb_wc_player_props_live_20260929,live,1125,4000,0.25,
astatc-mlb-nyy-tb-2026-10-05-tb-jonara-gte3,1791244800.0,mlb_wc_player_props_day_of_20260929,day_of,850,4000,0.2,
astatc-mlb-nyy-tb-2026-10-05-tb-jonara-gte3,1791244800.0,mlb_wc_player_props_live_20260929,live,1125,4000,0.25,
astatc-mlb-nyy-tb-2026-10-05-tb-jonara-gte4,1791244800.0,mlb_wc_player_props_day_of_20260929,day_of,850,4000,0.2,
astatc-mlb-nyy-tb-2026-10-05-tb-jonara-gte4,1791244800.0,mlb_wc_player_props_live_20260929,live,1125,4000,0.25,
astatc-mlb-nyy-tb-2026-10-05-tb-jonara-gte5,1791244800.0,mlb_wc_player_props_day_of_20260929,day_of,850,4000,0.2,
astatc-mlb-nyy-tb-2026-10-05-tb-jonara-gte5,1791244800.0,mlb_wc_player_props_live_20260929,live,1125,4000,0.25,
astatc-mlb-nyy-tb-2026-10-05-tb-jonara-gte6,1791244800.0,mlb_wc_player_props_day_of_20260929,day_of,850,4000,0.2,
astatc-mlb-nyy-tb-2026-10-05-tb-jonara-gte6,1791244800.0,mlb_wc_player_props_live_20260929,live,1125,4000,0.25,
astatc-mlb-nyy-tb-2026-10-05-tb-jondel-gte2,1791244800.0,mlb_wc_player_props_day_of_20260929,day_of,850,4000,0.2,
astatc-mlb-nyy-tb-2026-10-05-tb-jondel-gte2,1791244800.0,mlb_wc_player_props_live_20260929,live,1125,4000,0.25,
astatc-mlb-nyy-tb-2026-10-05-tb-jondel-gte3,1791244800.0,mlb_wc_player_props_day_of_20260929,day_of,850,4000,0.2,
astatc-mlb-nyy-tb-2026-10-05-tb-jondel-gte3,1791244800.0,mlb_wc_player_props_live_20260929,live,1125,4000,0.25,
astatc-mlb-nyy-tb-2026-10-05-tb-jondel-gte4,1791244800.0,mlb_wc_player_props_day_of_20260929,day_of,850,4000,0.2,
astatc-mlb-nyy-tb-2026-10-05-tb-jondel-gte4,1791244800.0,mlb_wc_player_props_live_20260929,live,1125,4000,0.25,
astatc-mlb-nyy-tb-2026-10-05-tb-jondel-gte5,1791244800.0,mlb_wc_player_props_day_of_20260929,day_of,850,4000,0.2,
astatc-mlb-nyy-tb-2026-10-05-tb-jondel-gte5,1791244800.0,mlb_wc_player_props_live_20260929,live,1125,4000,0.25,
astatc-mlb-nyy-tb-2026-10-05-tb-jondel-gte6,1791244800.0,mlb_wc_player_props_day_of_20260929,day_of,850,4000,0.2,
astatc-mlb-nyy-tb-2026-10-05-tb-jondel-gte6,1791244800.0,mlb_wc_player_props_live_20260929,live,1125,4000,0.25,
astatc-mlb-nyy-tb-2026-10-05-tb-juncam-gte2,1791244800.0,mlb_wc_player_props_day_of_20260929,day_of,850,4000,0.2,
astatc-mlb-nyy-tb-2026-10-05-tb-juncam-gte2,1791244800.0,mlb_wc_player_props_live_20260929,live,1125,4000,0.25,
astatc-mlb-nyy-tb-2026-10-05-tb-juncam-gte3,1791244800.0,mlb_wc_player_props_day_of_20260929,day_of,850,4000,0.2,
astatc-mlb-nyy-tb-2026-10-05-tb-juncam-gte3,1791244800.0,mlb_wc_player_props_live_20260929,live,1125,4000,0.25,
astatc-mlb-nyy-tb-2026-10-05-tb-juncam-gte4,1791244800.0,mlb_wc_player_props_day_of_20260929,day_of,850,4000,0.2,
astatc-mlb-nyy-tb-2026-10-05-tb-juncam-gte4,1791244800.0,mlb_wc_player_props_live_20260929,live,1125,4000,0.25,
astatc-mlb-nyy-tb-2026-10-05-tb-juncam-gte5,1791244800.0,mlb_wc_player_props_day_of_20260929,day_of,850,4000,0.2,
astatc-mlb-nyy-tb-2026-10-05-tb-juncam-gte5,1791244800.0,mlb_wc_player_props_live_20260929,live,1125,4000,0.25,
astatc-mlb-nyy-tb-2026-10-05-tb-juncam-gte6,1791244800.0,mlb_wc_player_props_day_of_20260929,day_of,850,4000,0.2,
astatc-mlb-nyy-tb-2026-10-05-tb-juncam-gte6,1791244800.0,mlb_wc_player_props_live_20260929,live,1125,4000,0.25,
astatc-mlb-nyy-tb-2026-10-05-tb-liahic-gte2,1791244800.0,mlb_wc_player_props_day_of_20260929,day_of,850,4000,0.2,
astatc-mlb-nyy-tb-2026-10-05-tb-liahic-gte2,1791244800.0,mlb_wc_player_props_live_20260929,live,1125,4000,0.25,
astatc-mlb-nyy-tb-2026-10-05-tb-liahic-gte3,1791244800.0,mlb_wc_player_props_day_of_20260929,day_of,850,4000,0.2,
astatc-mlb-nyy-tb-2026-10-05-tb-liahic-gte3,1791244800.0,mlb_wc_player_props_live_20260929,live,1125,4000,0.25,
astatc-mlb-nyy-tb-2026-10-05-tb-liahic-gte4,1791244800.0,mlb_wc_player_props_day_of_20260929,day_of,850,4000,0.2,
astatc-mlb-nyy-tb-2026-10-05-tb-liahic-gte4,1791244800.0,mlb_wc_player_props_live_20260929,live,1125,4000,0.25,
astatc-mlb-nyy-tb-2026-10-05-tb-liahic-gte5,1791244800.0,mlb_wc_player_props_day_of_20260929,day_of,850,4000,0.2,
astatc-mlb-nyy-tb-2026-10-05-tb-liahic-gte5,1791244800.0,mlb_wc_player_props_live_20260929,live,1125,4000,0.25,
astatc-mlb-nyy-tb-2026-10-05-tb-liahic-gte6,1791244800.0,mlb_wc_player_props_day_of_20260929,day_of,850,4000,0.2,
astatc-mlb-nyy-tb-2026-10-05-tb-liahic-gte6,1791244800.0,mlb_wc_player_props_live_20260929,live,1125,4000,0.25,
astatc-mlb-nyy-tb-2026-10-05-tb-luigar2-gte2,1791244800.0,mlb_wc_player_props_day_of_20260929,day_of,850,4000,0.2,
astatc-mlb-nyy-tb-2026-10-05-tb-luigar2-gte2,1791244800.0,mlb_wc_player_props_live_20260929,live,1125,4000,0.25,
astatc-mlb-nyy-tb-2026-10-05-tb-luigar2-gte3,1791244800.0,mlb_wc_player_props_day_of_20260929,day_of,850,4000,0.2,
astatc-mlb-nyy-tb-2026-10-05-tb-luigar2-gte3,1791244800.0,mlb_wc_player_props_live_20260929,live,1125,4000,0.25,
astatc-mlb-nyy-tb-2026-10-05-tb-luigar2-gte4,1791244800.0,mlb_wc_player_props_day_of_20260929,day_of,850,4000,0.2,
astatc-mlb-nyy-tb-2026-10-05-tb-luigar2-gte4,1791244800.0,mlb_wc_player_props_live_20260929,live,1125,4000,0.25,
astatc-mlb-nyy-tb-2026-10-05-tb-luigar2-gte5,1791244800.0,mlb_wc_player_props_day_of_20260929,day_of,850,4000,0.2,
astatc-mlb-nyy-tb-2026-10-05-tb-luigar2-gte5,1791244800.0,mlb_wc_player_props_live_20260929,live,1125,4000,0.25,
astatc-mlb-nyy-tb-2026-10-05-tb-luigar2-gte6,1791244800.0,mlb_wc_player_props_day_of_20260929,day_of,850,4000,0.2,
astatc-mlb-nyy-tb-2026-10-05-tb-luigar2-gte6,1791244800.0,mlb_wc_player_props_live_20260929,live,1125,4000,0.25,
astatc-mlb-nyy-tb-2026-10-05-tb-ricpal-gte2,1791244800.0,mlb_wc_player_props_day_of_20260929,day_of,850,4000,0.2,
astatc-mlb-nyy-tb-2026-10-05-tb-ricpal-gte2,1791244800.0,mlb_wc_player_props_live_20260929,live,1125,4000,0.25,
astatc-mlb-nyy-tb-2026-10-05-tb-ricpal-gte3,1791244800.0,mlb_wc_player_props_day_of_20260929,day_of,850,4000,0.2,
astatc-mlb-nyy-tb-2026-10-05-tb-ricpal-gte3,1791244800.0,mlb_wc_player_props_live_20260929,live,1125,4000,0.25,
astatc-mlb-nyy-tb-2026-10-05-tb-ricpal-gte4,1791244800.0,mlb_wc_player_props_day_of_20260929,day_of,850,4000,0.2,
astatc-mlb-nyy-tb-2026-10-05-tb-ricpal-gte4,1791244800.0,mlb_wc_player_props_live_20260929,live,1125,4000,0.25,
astatc-mlb-nyy-tb-2026-10-05-tb-ricpal-gte5,1791244800.0,mlb_wc_player_props_day_of_20260929,day_of,850,4000,0.2,
astatc-mlb-nyy-tb-2026-10-05-tb-ricpal-gte5,1791244800.0,mlb_wc_player_props_live_20260929,live,1125,4000,0.25,
astatc-mlb-nyy-tb-2026-10-05-tb-ricpal-gte6,1791244800.0,mlb_wc_player_props_day_of_20260929,day_of,850,4000,0.2,
astatc-mlb-nyy-tb-2026-10-05-tb-ricpal-gte6,1791244800.0,mlb_wc_player_props_live_20260929,live,1125,4000,0.25,
astatc-mlb-nyy-tb-2026-10-05-tb-ryamcm-gte2,1791244800.0,mlb_wc_player_props_day_of_20260929,day_of,850,4000,0.2,
astatc-mlb-nyy-tb-2026-10-05-tb-ryamcm-gte2,1791244800.0,mlb_wc_player_props_live_20260929,live,1125,4000,0.25,
astatc-mlb-nyy-tb-2026-10-05-tb-ryamcm-gte3,1791244800.0,mlb_wc_player_props_day_of_20260929,day_of,850,4000,0.2,
astatc-mlb-nyy-tb-2026-10-05-tb-ryamcm-gte3,1791244800.0,mlb_wc_player_props_live_20260929,live,1125,4000,0.25,
astatc-mlb-nyy-tb-2026-10-05-tb-ryamcm-gte4,1791244800.0,mlb_wc_player_props_day_of_20260929,day_of,850,4000,0.2,
astatc-mlb-nyy-tb-2026-10-05-tb-ryamcm-gte4,1791244800.0,mlb_wc_player_props_live_20260929,live,1125,4000,0.25,
astatc-mlb-nyy-tb-2026-10-05-tb-spejon-gte2,1791244800.0,mlb_wc_player_props_day_of_20260929,day_of,850,4000,0.2,
astatc-mlb-nyy-tb-2026-10-05-tb-spejon-gte2,1791244800.0,mlb_wc_player_props_live_20260929,live,1125,4000,0.25,
astatc-mlb-nyy-tb-2026-10-05-tb-spejon-gte3,1791244800.0,mlb_wc_player_props_day_of_20260929,day_of,850,4000,0.2,
astatc-mlb-nyy-tb-2026-10-05-tb-spejon-gte3,1791244800.0,mlb_wc_player_props_live_20260929,live,1125,4000,0.25,
astatc-mlb-nyy-tb-2026-10-05-tb-spejon-gte4,1791244800.0,mlb_wc_player_props_day_of_20260929,day_of,850,4000,0.2,
astatc-mlb-nyy-tb-2026-10-05-tb-spejon-gte4,1791244800.0,mlb_wc_player_props_live_20260929,live,1125,4000,0.25,
astatc-mlb-nyy-tb-2026-10-05-tb-spejon-gte5,1791244800.0,mlb_wc_player_props_day_of_20260929,day_of,850,4000,0.2,
astatc-mlb-nyy-tb-2026-10-05-tb-spejon-gte5,1791244800.0,mlb_wc_player_props_live_20260929,live,1125,4000,0.25,
astatc-mlb-nyy-tb-2026-10-05-tb-spejon-gte6,1791244800.0,mlb_wc_player_props_day_of_20260929,day_of,850,4000,0.2,
astatc-mlb-nyy-tb-2026-10-05-tb-spejon-gte6,1791244800.0,mlb_wc_player_props_live_20260929,live,1125,4000,0.25,
astatc-mlb-nyy-tb-2026-10-05-tb-taywal-gte2,1791244800.0,mlb_wc_player_props_day_of_20260929,day_of,850,4000,0.2,
astatc-mlb-nyy-tb-2026-10-05-tb-taywal-gte2,1791244800.0,mlb_wc_player_props_live_20260929,live,1125,4000,0.25,
astatc-mlb-nyy-tb-2026-10-05-tb-taywal-gte3,1791244800.0,mlb_wc_player_props_day_of_20260929,day_of,850,4000,0.2,
astatc-mlb-nyy-tb-2026-10-05-tb-taywal-gte3,1791244800.0,mlb_wc_player_props_live_20260929,live,1125,4000,0.25,
astatc-mlb-nyy-tb-2026-10-05-tb-taywal-gte4,1791244800.0,mlb_wc_player_props_day_of_20260929,day_of,850,4000,0.2,
astatc-mlb-nyy-tb-2026-10-05-tb-taywal-gte4,1791244800.0,mlb_wc_player_props_live_20260929,live,1125,4000,0.25,
astatc-mlb-nyy-tb-2026-10-05-tb-taywal-gte5,1791244800.0,mlb_wc_player_props_day_of_20260929,day_of,850,4000,0.2,
astatc-mlb-nyy-tb-2026-10-05-tb-taywal-gte5,1791244800.0,mlb_wc_player_props_live_20260929,live,1125,4000,0.25,
astatc-mlb-nyy-tb-2026-10-05-tb-taywal-gte6,1791244800.0,mlb_wc_player_props_day_of_20260929,day_of,850,4000,0.2,
astatc-mlb-nyy-tb-2026-10-05-tb-taywal-gte6,1791244800.0,mlb_wc_player_props_live_20260929,live,1125,4000,0.25,
astatc-mlb-nyy-tb-2026-10-05-tb-tregri-gte2,1791244800.0,mlb_wc_player_props_day_of_20260929,day_of,850,4000,0.2,
astatc-mlb-nyy-tb-2026-10-05-tb-tregri-gte2,1791244800.0,mlb_wc_player_props_live_20260929,live,1125,4000,0.25,
astatc-mlb-nyy-tb-2026-10-05-tb-tregri-gte3,1791244800.0,mlb_wc_player_props_day_of_20260929,day_of,850,4000,0.2,
astatc-mlb-nyy-tb-2026-10-05-tb-tregri-gte3,1791244800.0,mlb_wc_player_props_live_20260929,live,1125,4000,0.25,
astatc-mlb-nyy-tb-2026-10-05-tb-tregri-gte4,1791244800.0,mlb_wc_player_props_day_of_20260929,day_of,850,4000,0.2,
astatc-mlb-nyy-tb-2026-10-05-tb-tregri-gte4,1791244800.0,mlb_wc_player_props_live_20260929,live,1125,4000,0.25,
astatc-mlb-nyy-tb-2026-10-05-tb-tregri-gte5,1791244800.0,mlb_wc_player_props_day_of_20260929,day_of,850,4000,0.2,
astatc-mlb-nyy-tb-2026-10-05-tb-tregri-gte5,1791244800.0,mlb_wc_player_props_live_20260929,live,1125,4000,0.25,
astatc-mlb-nyy-tb-2026-10-05-tb-tregri-gte6,1791244800.0,mlb_wc_player_props_day_of_20260929,day_of,850,4000,0.2,
astatc-mlb-nyy-tb-2026-10-05-tb-tregri-gte6,1791244800.0,mlb_wc_player_props_live_20260929,live,1125,4000,0.25,
astatc-mlb-nyy-tb-2026-10-05-tb-vicmes-gte2,1791244800.0,mlb_wc_player_props_day_of_20260929,day_of,850,4000,0.2,
astatc-mlb-nyy-tb-2026-10-05-tb-vicmes-gte2,1791244800.0,mlb_wc_player_props_live_20260929,live,1125,4000,0.25,
astatc-mlb-nyy-tb-2026-10-05-tb-vicmes-gte3,1791244800.0,mlb_wc_player_props_day_of_20260929,day_of,850,4000,0.2,
astatc-mlb-nyy-tb-2026-10-05-tb-vicmes-gte3,1791244800.0,mlb_wc_player_props_live_20260929,live,1125,4000,0.25,
astatc-mlb-nyy-tb-2026-10-05-tb-vicmes-gte4,1791244800.0,mlb_wc_player_props_day_of_20260929,day_of,850,4000,0.2,
astatc-mlb-nyy-tb-2026-10-05-tb-vicmes-gte4,1791244800.0,mlb_wc_player_props_live_20260929,live,1125,4000,0.25,
astatc-mlb-nyy-tb-2026-10-05-tb-vicmes-gte5,1791244800.0,mlb_wc_player_props_day_of_20260929,day_of,850,4000,0.2,
astatc-mlb-nyy-tb-2026-10-05-tb-vicmes-gte5,1791244800.0,mlb_wc_player_props_live_20260929,live,1125,4000,0.25,
astatc-mlb-nyy-tb-2026-10-05-tb-vicmes-gte6,1791244800.0,mlb_wc_player_props_day_of_20260929,day_of,850,4000,0.2,
astatc-mlb-nyy-tb-2026-10-05-tb-vicmes-gte6,1791244800.0,mlb_wc_player_props_live_20260929,live,1125,4000,0.25,
astatc-mlb-nyy-tb-2026-10-05-tb-yandia-gte2,1791244800.0,mlb_wc_player_props_day_of_20260929,day_of,850,4000,0.2,
astatc-mlb-nyy-tb-2026-10-05-tb-yandia-gte2,1791244800.0,mlb_wc_player_props_live_20260929,live,1125,4000,0.25,
astatc-mlb-nyy-tb-2026-10-05-tb-yandia-gte3,1791244800.0,mlb_wc_player_props_day_of_20260929,day_of,850,4000,0.2,
astatc-mlb-nyy-tb-2026-10-05-tb-yandia-gte3,1791244800.0,mlb_wc_player_props_live_20260929,live,1125,4000,0.25,
astatc-mlb-nyy-tb-2026-10-05-tb-yandia-gte4,1791244800.0,mlb_wc_player_props_day_of_20260929,day_of,850,4000,0.2,
astatc-mlb-nyy-tb-2026-10-05-tb-yandia-gte4,1791244800.0,mlb_wc_player_props_live_20260929,live,1125,4000,0.25,
astatc-mlb-nyy-tb-2026-10-05-tb-yandia-gte5,1791244800.0,mlb_wc_player_props_day_of_20260929,day_of,850,4000,0.2,
astatc-mlb-nyy-tb-2026-10-05-tb-yandia-gte5,1791244800.0,mlb_wc_player_props_live_20260929,live,1125,4000,0.25,
astatc-mlb-nyy-tb-2026-10-05-tb-yandia-gte6,1791244800.0,mlb_wc_player_props_day_of_20260929,day_of,850,4000,0.2,
astatc-mlb-nyy-tb-2026-10-05-tb-yandia-gte6,1791244800.0,mlb_wc_player_props_live_20260929,live,1125,4000,0.25,
astatc-mlb-nyy-tb-2026-10-05-wa-camsch-gte1,1791244800.0,mlb_wc_player_props_day_of_20260929,day_of,850,4000,0.2,
astatc-mlb-nyy-tb-2026-10-05-wa-camsch-gte1,1791244800.0,mlb_wc_player_props_live_20260929,live,1125,4000,0.25,
astatc-mlb-nyy-tb-2026-10-05-wa-camsch-gte2,1791244800.0,mlb_wc_player_props_day_of_20260929,day_of,850,4000,0.2,
astatc-mlb-nyy-tb-2026-10-05-wa-camsch-gte2,1791244800.0,mlb_wc_player_props_live_20260929,live,1125,4000,0.25,
astatc-mlb-nyy-tb-2026-10-05-wa-freper-gte1,1791244800.0,mlb_wc_player_props_day_of_20260929,day_of,850,4000,0.2,
astatc-mlb-nyy-tb-2026-10-05-wa-freper-gte1,1791244800.0,mlb_wc_player_props_live_20260929,live,1125,4000,0.25,
astatc-mlb-nyy-tb-2026-10-05-wa-freper-gte2,1791244800.0,mlb_wc_player_props_day_of_20260929,day_of,850,4000,0.2,
astatc-mlb-nyy-tb-2026-10-05-wa-freper-gte2,1791244800.0,mlb_wc_player_props_live_20260929,live,1125,4000,0.25,
astatc-mlb-nyy-tb-2026-10-05-xi,1791244800.0,mlb_wc_player_props_day_of_20260929,day_of,850,4000,0.2,
astatc-mlb-nyy-tb-2026-10-05-xi,1791244800.0,mlb_wc_player_props_live_20260929,live,1125,4000,0.25,
astatc-mlb-nyy-tb-2026-10-05-yrfi,1791244800.0,mlb_wc_player_props_day_of_20260929,day_of,850,4000,0.2,
astatc-mlb-nyy-tb-2026-10-05-yrfi,1791244800.0,mlb_wc_player_props_live_20260929,live,1125,4000,0.25,
tsc-mlb-nyy-tb-2026-10-05-5pt5,1791244800.0,mlb_wc_totals_dayof_20260929,day_of,75,20000,0.2,
tsc-mlb-nyy-tb-2026-10-05-5pt5,1791244800.0,mlb_wc_totals_live_20260929,live,700,10000,0.25,
tsc-mlb-nyy-tb-2026-10-05-6pt5,1791244800.0,mlb_wc_totals_dayof_20260929,day_of,75,20000,0.2,
tsc-mlb-nyy-tb-2026-10-05-6pt5,1791244800.0,mlb_wc_totals_live_20260929,live,700,10000,0.25,
tsc-mlb-nyy-tb-2026-10-05-7pt5,1791244800.0,mlb_wc_totals_dayof_20260929,day_of,75,20000,0.2,
tsc-mlb-nyy-tb-2026-10-05-7pt5,1791244800.0,mlb_wc_totals_live_20260929,live,700,10000,0.25,
tsc-mlb-nyy-tb-2026-10-05-f5-2pt5,1791244800.0,mlb_wc_totals_dayof_20260929,day_of,75,20000,0.2,
tsc-mlb-nyy-tb-2026-10-05-f5-2pt5,1791244800.0,mlb_wc_totals_live_20260929,live,700,10000,0.25,
tsc-mlb-nyy-tb-2026-10-05-f5-3pt5,1791244800.0,mlb_wc_totals_dayof_20260929,day_of,75,20000,0.2,
tsc-mlb-nyy-tb-2026-10-05-f5-3pt5,1791244800.0,mlb_wc_totals_live_20260929,live,700,10000,0.25,
tsc-mlb-nyy-tb-2026-10-05-f5-4pt5,1791244800.0,mlb_wc_totals_dayof_20260929,day_of,75,20000,0.2,
tsc-mlb-nyy-tb-2026-10-05-f5-4pt5,1791244800.0,mlb_wc_totals_live_20260929,live,700,10000,0.25,
tsc-mlb-nyy-tb-2026-10-05-f5-5pt5,1791244800.0,mlb_wc_totals_dayof_20260929,day_of,75,20000,0.2,
tsc-mlb-nyy-tb-2026-10-05-f5-5pt5,1791244800.0,mlb_wc_totals_live_20260929,live,700,10000,0.25,
tsc-mlb-nyy-tb-2026-10-05-f5-6pt5,1791244800.0,mlb_wc_totals_dayof_20260929,day_of,75,20000,0.2,
tsc-mlb-nyy-tb-2026-10-05-f5-6pt5,1791244800.0,mlb_wc_totals_live_20260929,live,700,10000,0.25,
tsc-mlb-nyy-tb-2026-10-05-i1-1pt5,1791244800.0,mlb_wc_totals_dayof_20260929,day_of,75,20000,0.2,
tsc-mlb-nyy-tb-2026-10-05-i1-1pt5,1791244800.0,mlb_wc_totals_live_20260929,live,700,10000,0.25,
tsc-mlb-nyy-tb-2026-10-05-i2-0pt5,1791244800.0,mlb_wc_totals_dayof_20260929,day_of,75,20000,0.2,
tsc-mlb-nyy-tb-2026-10-05-i2-0pt5,1791244800.0,mlb_wc_totals_live_20260929,live,700,10000,0.25,
tsc-mlb-nyy-tb-2026-10-05-i2-1pt5,1791244800.0,mlb_wc_totals_dayof_20260929,day_of,75,20000,0.2,
tsc-mlb-nyy-tb-2026-10-05-i2-1pt5,1791244800.0,mlb_wc_totals_live_20260929,live,700,10000,0.25,
tsc-mlb-nyy-tb-2026-10-05-i3-0pt5,1791244800.0,mlb_wc_totals_dayof_20260929,day_of,75,20000,0.2,
tsc-mlb-nyy-tb-2026-10-05-i3-0pt5,1791244800.0,mlb_wc_totals_live_20260929,live,700,10000,0.25,
tsc-mlb-nyy-tb-2026-10-05-i3-1pt5,1791244800.0,mlb_wc_totals_dayof_20260929,day_of,75,20000,0.2,
tsc-mlb-nyy-tb-2026-10-05-i3-1pt5,1791244800.0,mlb_wc_totals_live_20260929,live,700,10000,0.25,
tsc-mlb-nyy-tb-2026-10-05-i4-0pt5,1791244800.0,mlb_wc_totals_dayof_20260929,day_of,75,20000,0.2,
tsc-mlb-nyy-tb-2026-10-05-i4-0pt5,1791244800.0,mlb_wc_totals_live_20260929,live,700,10000,0.25,
tsc-mlb-nyy-tb-2026-10-05-i4-1pt5,1791244800.0,mlb_wc_totals_dayof_20260929,day_of,75,20000,0.2,
tsc-mlb-nyy-tb-2026-10-05-i4-1pt5,1791244800.0,mlb_wc_totals_live_20260929,live,700,10000,0.25,
tsc-mlb-nyy-tb-2026-10-05-i5-0pt5,1791244800.0,mlb_wc_totals_dayof_20260929,day_of,75,20000,0.2,
tsc-mlb-nyy-tb-2026-10-05-i5-0pt5,1791244800.0,mlb_wc_totals_live_20260929,live,700,10000,0.25,
tsc-mlb-nyy-tb-2026-10-05-i5-1pt5,1791244800.0,mlb_wc_totals_dayof_20260929,day_of,75,20000,0.2,
tsc-mlb-nyy-tb-2026-10-05-i5-1pt5,1791244800.0,mlb_wc_totals_live_20260929,live,700,10000,0.25,
tsc-mlb-nyy-tb-2026-10-05-i6-0pt5,1791244800.0,mlb_wc_totals_dayof_20260929,day_of,75,20000,0.2,
tsc-mlb-nyy-tb-2026-10-05-i6-0pt5,1791244800.0,mlb_wc_totals_live_20260929,live,700,10000,0.25,
tsc-mlb-nyy-tb-2026-10-05-i6-1pt5,1791244800.0,mlb_wc_totals_dayof_20260929,day_of,75,20000,0.2,
tsc-mlb-nyy-tb-2026-10-05-i6-1pt5,1791244800.0,mlb_wc_totals_live_20260929,live,700,10000,0.25,
tsc-mlb-nyy-tb-2026-10-05-i7-0pt5,1791244800.0,mlb_wc_totals_dayof_20260929,day_of,75,20000,0.2,
tsc-mlb-nyy-tb-2026-10-05-i7-0pt5,1791244800.0,mlb_wc_totals_live_20260929,live,700,10000,0.25,
tsc-mlb-nyy-tb-2026-10-05-i7-1pt5,1791244800.0,mlb_wc_totals_dayof_20260929,day_of,75,20000,0.2,
tsc-mlb-nyy-tb-2026-10-05-i7-1pt5,1791244800.0,mlb_wc_totals_live_20260929,live,700,10000,0.25,
tsc-mlb-nyy-tb-2026-10-05-i8-0pt5,1791244800.0,mlb_wc_totals_dayof_20260929,day_of,75,20000,0.2,
tsc-mlb-nyy-tb-2026-10-05-i8-0pt5,1791244800.0,mlb_wc_totals_live_20260929,live,700,10000,0.25,
tsc-mlb-nyy-tb-2026-10-05-i8-1pt5,1791244800.0,mlb_wc_totals_dayof_20260929,day_of,75,20000,0.2,
tsc-mlb-nyy-tb-2026-10-05-i8-1pt5,1791244800.0,mlb_wc_totals_live_20260929,live,700,10000,0.25,
tsc-mlb-nyy-tb-2026-10-05-i9-0pt5,1791244800.0,mlb_wc_totals_dayof_20260929,day_of,75,20000,0.2,
tsc-mlb-nyy-tb-2026-10-05-i9-0pt5,1791244800.0,mlb_wc_totals_live_20260929,live,700,10000,0.25,
tsc-mlb-nyy-tb-2026-10-05-i9-1pt5,1791244800.0,mlb_wc_totals_dayof_20260929,day_of,75,20000,0.2,
tsc-mlb-nyy-tb-2026-10-05-i9-1pt5,1791244800.0,mlb_wc_totals_live_20260929,live,700,10000,0.25,
