,Current bot (no controls),"New rules (>12c edge, max 25, crowd 200, calm 2, stop $200)"
2024-11-07,34.031400000000005,21.815
2024-11-08,34.031400000000005,21.815
2024-11-09,34.031400000000005,21.815
2024-11-10,34.031400000000005,21.815
2024-11-11,24.098400000000005,21.815
2024-11-12,24.098400000000005,21.815
2024-11-13,24.098400000000005,21.815
2024-11-14,24.098400000000005,21.815
2024-11-15,24.098400000000005,21.815
2024-11-16,24.098400000000005,21.815
2024-11-17,24.098400000000005,21.815
2024-11-18,8.008000000000006,21.6246
2024-11-19,8.008000000000006,21.6246
2024-11-20,8.008000000000006,21.6246
2024-11-21,8.008000000000006,21.6246
2024-11-22,-9.171999999999993,21.6246
2024-11-23,-9.171999999999993,21.6246
2024-11-24,-9.171999999999993,21.6246
2024-11-25,-92.722,13.674600000000002
2024-11-26,-92.722,13.674600000000002
2024-11-27,-92.722,13.674600000000002
2024-11-28,-92.722,13.674600000000002
2024-11-29,-93.31599999999999,13.080600000000002
2024-11-30,-93.31599999999999,13.080600000000002
2024-12-01,-93.61019999999999,12.786400000000002
2024-12-02,-93.61019999999999,12.786400000000002
2024-12-03,-94.502,11.894600000000002
2024-12-04,-94.502,11.894600000000002
2024-12-05,-94.502,11.894600000000002
2024-12-06,-94.502,11.894600000000002
2024-12-07,-94.502,11.894600000000002
2024-12-08,-94.502,11.894600000000002
2024-12-09,-94.502,11.894600000000002
2024-12-10,-94.502,11.894600000000002
2024-12-11,-94.502,11.894600000000002
2024-12-12,-94.08099999999999,11.894600000000002
2024-12-13,-94.27139999999999,11.894600000000002
2024-12-14,-26.40889999999999,28.2571
2024-12-15,41.735200000000006,28.2571
2024-12-16,75.33630000000001,28.2571
2024-12-17,-0.006399999999999295,28.2571
2024-12-18,0.26080000000000075,28.2571
2024-12-19,-19.232300000000002,26.428900000000002
2024-12-20,-16.288600000000002,28.0132
2024-12-21,25.649100000000004,32.8988
2024-12-22,101.8849,32.4831
2024-12-23,92.3575,32.3662
2024-12-24,42.8039,32.2594
2024-12-25,-13.043600000000005,32.2594
2024-12-26,-39.5891,30.6694
2024-12-27,6.633100000000006,30.3371
2024-12-28,89.76310000000001,54.2121
2024-12-29,125.72090000000001,47.614599999999996
2024-12-30,81.74490000000002,47.614599999999996
2024-12-31,114.64720000000001,47.614599999999996
2025-01-01,135.7484,54.24079999999999
2025-01-02,-13.793799999999976,67.4198
2025-01-03,99.12900000000002,67.4198
2025-01-04,143.3442,68.34479999999999
2025-01-05,230.90359999999998,68.34479999999999
2025-01-06,54.56559999999996,79.39679999999998
2025-01-07,26.020999999999958,75.63479999999998
2025-01-08,-17.809800000000045,75.63479999999998
2025-01-09,5.713899999999953,75.63479999999998
2025-01-10,111.67289999999996,104.43679999999998
2025-01-11,164.86819999999994,99.31209999999997
2025-01-12,138.35699999999994,99.31209999999997
2025-01-13,175.95969999999994,99.31209999999997
2025-01-14,129.81249999999994,99.31209999999997
2025-01-15,92.76699999999994,88.03039999999997
2025-01-16,32.25749999999994,85.69239999999998
2025-01-17,58.82849999999994,95.02489999999997
2025-01-18,54.59599999999994,95.02489999999997
2025-01-19,69.16339999999994,95.02489999999997
2025-01-20,68.10039999999994,95.02489999999997
2025-01-21,66.46479999999994,95.02489999999997
2025-01-22,-8.557200000000066,95.02489999999997
2025-01-23,50.902299999999926,95.02489999999997
2025-01-24,95.16229999999993,95.02489999999997
2025-01-25,100.69829999999993,95.02489999999997
2025-01-26,102.28979999999993,95.02489999999997
2025-01-27,70.01179999999994,95.02489999999997
2025-01-28,74.50509999999994,95.02489999999997
2025-01-29,70.11169999999994,95.02489999999997
2025-01-30,70.50569999999995,99.85289999999998
2025-01-31,79.10779999999994,99.85289999999998
2025-02-01,90.34179999999994,105.38089999999998
2025-02-02,88.66599999999994,105.63709999999999
2025-02-03,88.66599999999994,105.63709999999999
2025-02-04,109.65599999999993,112.09259999999999
2025-02-05,158.58399999999995,112.09259999999999
2025-02-06,183.20399999999995,112.09259999999999
2025-02-07,179.40439999999995,115.99149999999999
2025-02-08,191.49849999999995,124.00829999999999
2025-02-09,270.77549999999997,141.6053
2025-02-10,260.9163,141.6053
2025-02-11,258.00489999999996,150.6034
2025-02-12,281.4919,149.1386
2025-02-13,231.396,152.8418
2025-02-14,246.85989999999998,178.9032
2025-02-15,321.4414,183.1293
2025-02-16,437.3144,217.9649
2025-02-17,457.666,234.279
2025-02-18,502.4262,234.5276
2025-02-19,524.6547,234.5276
2025-02-20,573.3995,247.2076
2025-02-21,615.4739,278.93760000000003
2025-02-22,720.2651999999999,282.8729
2025-02-23,720.2651999999999,282.8729
2025-02-24,638.7438,264.89230000000003
2025-02-25,624.6495,260.21950000000004
2025-02-26,577.905,264.53200000000004
2025-02-27,593.8613,280.41880000000003
2025-02-28,593.8613,280.41880000000003
2025-03-01,666.7229,309.66080000000005
2025-03-02,670.795,307.70410000000004
2025-03-03,683.6147,307.70410000000004
2025-03-04,690.9456,300.94200000000006
2025-03-05,678.847,300.94200000000006
2025-03-06,698.8172999999999,310.27450000000005
2025-03-07,762.8316,310.27450000000005
2025-03-08,730.3024,312.33040000000005
2025-03-09,733.7513,317.5416000000001
2025-03-10,769.3993,317.21760000000006
2025-03-11,750.8769,314.03260000000006
2025-03-12,718.5278999999999,314.03260000000006
2025-03-13,748.0789,314.03260000000006
2025-03-14,649.2121999999999,317.11840000000007
2025-03-15,647.548,333.29550000000006
2025-03-16,577.488,334.7055000000001
2025-03-17,738.4181000000001,373.05680000000007
2025-03-18,874.7757000000001,373.05680000000007
2025-03-19,996.4297000000001,394.87180000000006
2025-03-20,1171.5229000000002,402.7343000000001
2025-03-21,1188.7352,402.7343000000001
2025-03-22,1175.2165,410.04820000000007
2025-03-23,1283.256,424.26470000000006
2025-03-24,1275.3458,409.1172000000001
2025-03-25,1283.3065000000001,404.8925000000001
2025-03-26,1299.219,404.8925000000001
2025-03-27,1234.2338,403.3485000000001
2025-03-28,1358.7296999999999,403.3485000000001
2025-03-29,1377.2284,412.5463000000001
2025-03-30,1316.5659,401.6188000000001
2025-03-31,1282.0851,401.6188000000001
2025-04-01,1231.4593,394.26380000000006
2025-04-02,1224.8020999999999,394.26380000000006
2025-04-03,1235.2287999999999,394.26380000000006
2025-04-04,1171.1194999999998,399.27220000000005
2025-04-05,1128.1463999999999,399.62050000000005
2025-04-06,1099.8535,398.32480000000004
2025-04-07,1138.341,403.4123
2025-04-08,1061.071,403.4123
2025-04-09,1061.9026,403.4123
2025-04-10,1269.2656,448.3003
2025-04-11,1301.6294,448.2469
2025-04-12,1329.3047000000001,452.483
2025-04-13,1343.412,449.547
2025-04-14,1315.2698,452.254
2025-04-15,1306.3498,455.14250000000004
2025-04-16,1293.1538,455.14250000000004
2025-04-17,1315.1597000000002,455.14250000000004
2025-04-18,1316.6253000000002,450.68700000000007
2025-04-19,1307.7624,449.30160000000006
2025-04-20,1290.4424000000001,449.56460000000004
2025-04-21,1248.3695000000002,449.56460000000004
2025-04-22,1245.7072000000003,446.10960000000006
2025-04-23,1216.0431000000003,437.58520000000004
2025-04-24,1311.3876000000002,450.34620000000007
2025-04-25,1243.1451000000002,450.3962000000001
2025-04-26,1265.3214000000003,466.9123000000001
2025-04-27,1355.3944000000004,478.84650000000005
2025-04-28,1332.3654000000004,481.3165
2025-04-29,1520.3872000000003,504.694
2025-04-30,1393.1163000000004,492.8548
2025-05-01,1508.1896000000004,504.2515
2025-05-02,1551.0788000000005,504.8759
2025-05-03,1531.8548000000005,503.2491
2025-05-04,1449.2335000000005,515.7296
2025-05-05,1484.2750000000005,515.3072
2025-05-06,1412.2306000000005,512.1047
2025-05-07,1492.3572000000006,509.17719999999997
2025-05-08,1693.3337000000006,509.17719999999997
2025-05-09,1647.0823000000005,515.2712
2025-05-10,1585.3017000000004,503.3996
2025-05-11,1607.1378000000004,529.9164000000001
2025-05-12,1555.9164000000005,529.9164000000001
2025-05-13,1595.3531000000005,558.3606000000001
2025-05-14,1658.4494000000004,553.0806000000001
2025-05-15,1647.0020000000004,550.1521000000001
2025-05-16,1619.4610000000005,535.3336000000002
2025-05-17,1636.8507000000004,520.4886000000001
2025-05-18,1651.6627000000003,524.4996000000001
2025-05-19,1521.8132000000003,524.4996000000001
2025-05-20,1369.6032000000002,512.3796000000001
2025-05-21,1369.6263000000004,512.3796000000001
2025-05-22,1413.0975000000003,512.3796000000001
2025-05-23,1480.8499000000004,512.3796000000001
2025-05-24,1566.5407000000005,526.1428000000001
2025-05-25,1557.5889000000004,502.7753000000001
2025-05-26,1530.4741000000004,502.7753000000001
2025-05-27,1564.5661000000005,511.9157000000001
2025-05-28,1559.9271000000006,511.9157000000001
2025-05-29,1623.8471000000006,497.98070000000007
2025-05-30,1776.5867000000007,520.2532000000001
2025-05-31,1786.3837000000008,514.8652000000001
2025-06-01,1822.8688000000009,535.6718000000001
2025-06-02,1803.740700000001,520.0368000000001
2025-06-03,1921.4875000000009,515.6663000000001
2025-06-04,1754.085900000001,501.2338000000001
2025-06-05,1677.239100000001,497.9658000000001
2025-06-06,1800.267800000001,514.4908000000001
2025-06-07,1857.487800000001,514.4908000000001
2025-06-08,1940.688600000001,523.9338000000001
2025-06-09,1840.6259000000011,514.5563000000001
2025-06-10,1643.5812000000012,514.5563000000001
2025-06-11,1745.6878000000013,518.2542000000001
2025-06-12,1787.2207000000012,518.2542000000001
2025-06-13,1720.3854000000013,518.2542000000001
2025-06-14,1794.6636000000012,518.2542000000001
2025-06-15,1881.5427000000013,513.4962
2025-06-16,1970.2491000000014,532.6912000000001
2025-06-17,1729.8791000000015,526.8442000000001
2025-06-18,1553.7701000000015,512.3057000000001
2025-06-19,1726.4419000000016,539.9882000000001
2025-06-20,1759.7769000000017,533.1507000000001
2025-06-21,1835.8135000000016,546.9707000000002
2025-06-22,1806.3619000000015,546.9707000000002
2025-06-23,1786.1784000000014,525.8557000000002
2025-06-24,1806.0589000000014,525.8557000000002
2025-06-25,1849.5374000000013,547.5757000000002
2025-06-26,1881.7847000000013,540.4807000000002
2025-06-27,1751.1935000000012,523.3432000000001
2025-06-28,1872.8767000000012,567.4512000000002
2025-06-29,1892.185100000001,575.5562000000002
2025-06-30,1859.106100000001,596.9727000000003
2025-07-01,1819.125100000001,607.5402000000003
2025-07-02,1845.941500000001,624.2879000000003
2025-07-03,1918.9484000000011,624.2879000000003
2025-07-04,2037.5634000000011,636.7469000000002
2025-07-05,2090.7632000000012,644.9144000000002
2025-07-06,1985.4908000000012,644.9144000000002
2025-07-07,1870.620700000001,633.2294000000003
2025-07-08,1720.6413000000011,619.2349000000003
2025-07-09,1882.596300000001,629.2982000000003
2025-07-10,1821.503100000001,656.2007000000003
2025-07-11,1743.107900000001,656.2007000000003
2025-07-12,1770.1873000000012,650.9207000000004
2025-07-13,1703.6547000000012,639.9932000000003
2025-07-14,1730.0239000000013,639.9932000000003
2025-07-15,1764.1607000000013,639.9932000000003
2025-07-16,1764.8769000000013,640.7094000000003
2025-07-17,1840.6003000000014,640.7094000000003
2025-07-18,1811.7443000000014,640.7094000000003
2025-07-19,1861.3085000000015,640.7094000000003
2025-07-20,1783.4456000000014,640.7094000000003
2025-07-21,1650.4768000000013,640.7094000000003
2025-07-22,1716.4531000000013,640.7094000000003
2025-07-23,1630.1209000000013,640.7094000000003
2025-07-24,1598.0709000000013,640.7094000000003
2025-07-25,1576.8709000000013,640.7094000000003
2025-07-26,1720.0769000000014,650.4504000000003
2025-07-27,1785.4354000000014,650.4504000000003
2025-07-28,1549.6834000000015,650.4504000000003
2025-07-29,1557.8034000000014,650.4504000000003
2025-07-30,1504.0757000000015,650.4504000000003
2025-07-31,1349.7161000000015,645.5598000000003
2025-08-01,1337.7497000000014,645.5598000000003
2025-08-02,1425.2030000000013,645.5598000000003
2025-08-03,1365.5381000000014,645.5598000000003
2025-08-04,1231.7848000000013,645.5598000000003
2025-08-05,1081.4798000000012,645.5598000000003
2025-08-06,1159.8552000000013,658.8748000000004
2025-08-07,1307.9752000000012,649.9798000000004
2025-08-08,1524.5112000000013,649.9798000000004
2025-08-09,1652.6265000000012,679.2098000000004
2025-08-10,1648.9140000000011,672.8391000000004
2025-08-11,1636.582000000001,672.8391000000004
2025-08-12,1615.4620000000011,672.8391000000004
2025-08-13,1570.8685000000012,672.8391000000004
2025-08-14,1603.9480000000012,672.8391000000004
2025-08-15,1588.2130000000013,672.8391000000004
2025-08-16,1627.5215000000014,676.6016000000004
2025-08-17,1481.5333000000014,665.9266000000005
2025-08-18,1602.0417000000014,665.9266000000005
2025-08-19,1758.9475000000014,665.9266000000005
2025-08-20,1734.2569000000015,665.9266000000005
2025-08-21,1705.9469000000015,665.9266000000005
2025-08-22,1629.9019000000014,654.8466000000004
2025-08-23,1675.5466000000015,667.6591000000004
2025-08-24,1714.7510000000016,693.0391000000004
2025-08-25,1785.3579000000016,693.0391000000004
2025-08-26,1753.8922000000016,693.0391000000004
2025-08-27,1788.3980000000015,693.0391000000004
2025-08-28,1873.2378000000015,684.4016000000004
2025-08-29,1815.8306000000014,684.4016000000004
2025-08-30,1988.0445000000013,698.4741000000004
2025-08-31,2007.0831000000014,690.8616000000004
2025-09-01,1971.1907000000015,683.7666000000004
2025-09-02,1990.9145000000015,677.1866000000003
2025-09-03,2080.6520000000014,677.1866000000003
2025-09-04,2082.9555000000014,656.8416000000003
2025-09-05,2021.2800000000013,673.2041000000003
2025-09-06,2108.8817000000013,702.8716000000003
2025-09-07,1978.9316000000013,695.9356000000002
2025-09-08,1994.5958000000012,701.6206000000002
2025-09-09,2211.9642000000013,701.6206000000002
2025-09-10,2495.4946000000014,692.7256000000002
2025-09-11,2468.6912000000016,719.1681000000002
2025-09-12,2430.0173000000013,719.1681000000002
2025-09-13,2388.0150000000012,716.3034000000002
2025-09-14,2233.331500000001,698.6531000000002
2025-09-15,2460.657700000001,712.0667000000002
2025-09-16,2442.6589000000013,702.6281000000002
2025-09-17,2315.5839000000014,702.6281000000002
2025-09-18,2528.9601000000016,695.2865000000003
2025-09-19,2382.0946000000017,674.5565000000003
2025-09-20,2455.759000000002,687.8715000000003
2025-09-21,2392.718600000002,668.5090000000004
2025-09-22,2308.244900000002,668.5090000000004
2025-09-23,2267.340700000002,663.5082000000003
2025-09-24,2260.774700000002,667.3107000000003
2025-09-25,2176.542600000002,660.6047000000003
2025-09-26,2168.391700000002,660.6047000000003
2025-09-27,2191.982800000002,664.8128000000003
2025-09-28,2171.093100000002,664.4050000000003
2025-09-29,2097.159000000002,664.5651000000004
2025-09-30,2095.015600000002,656.1826000000003
2025-10-01,2239.744200000002,656.1826000000003
2025-10-02,2162.005200000002,642.8521000000003
2025-10-03,2252.869900000002,642.8521000000003
2025-10-04,2184.235300000002,640.1753000000003
2025-10-05,2238.376400000002,640.1753000000003
2025-10-06,2175.175200000002,637.8065000000004
2025-10-07,2223.609300000002,637.8065000000004
2025-10-08,2270.295300000002,637.8065000000004
2025-10-09,2250.577300000002,637.8065000000004
2025-10-10,2301.042900000002,655.1940000000004
2025-10-11,2339.5441000000023,666.6540000000005
2025-10-12,2428.809100000002,666.6540000000005
2025-10-13,2419.266100000002,666.6540000000005
2025-10-14,2460.3570000000022,666.6540000000005
2025-10-15,2460.3570000000022,666.6540000000005
2025-10-16,2468.0360000000023,666.6540000000005
2025-10-17,2360.5760000000023,666.6540000000005
2025-10-18,2390.4893000000025,666.6540000000005
2025-10-19,2386.3744000000024,666.6540000000005
2025-10-20,2382.2708000000025,664.2237000000005
2025-10-21,2497.9828000000025,664.2237000000005
2025-10-22,2588.2343000000023,664.2237000000005
2025-10-23,2550.8768000000023,676.7962000000005
2025-10-24,2608.4659000000024,663.1818000000004
2025-10-25,2516.7184000000025,641.3114000000004
2025-10-26,2448.9908000000023,660.8061000000004
2025-10-27,2462.615700000002,658.8916000000004
2025-10-28,2592.502000000002,668.9641000000004
2025-10-29,2537.348600000002,668.9641000000004
2025-10-30,2572.944300000002,678.0516000000003
2025-10-31,2605.364300000002,678.0516000000003
2025-11-01,2734.878000000002,688.1623000000003
2025-11-02,2680.979500000002,697.2038000000003
2025-11-03,2652.220900000002,697.2038000000003
2025-11-04,2652.286300000002,697.2038000000003
2025-11-05,2608.849400000002,697.2038000000003
2025-11-06,2651.9649000000018,697.2038000000003
2025-11-07,2637.594900000002,697.2038000000003
2025-11-08,2586.060500000002,697.6968000000004
2025-11-09,2567.636000000002,695.0648000000004
2025-11-10,2618.626200000002,695.0648000000004
2025-11-11,2595.558400000002,695.0648000000004
2025-11-12,2670.278400000002,695.0648000000004
2025-11-13,2568.158100000002,686.1698000000005
2025-11-14,2568.158100000002,686.1698000000005
2025-11-15,2594.774200000002,684.9058000000005
2025-11-16,2628.335800000002,684.9058000000005
2025-11-17,2656.418700000002,684.9058000000005
2025-11-18,2656.418700000002,684.9058000000005
2025-11-19,2634.176900000002,684.9058000000005
2025-11-20,2609.699500000002,681.9833000000004
2025-11-21,2688.761200000002,681.1650000000004
2025-11-22,2785.049200000002,697.5330000000005
2025-11-23,2912.7498000000023,696.7686000000004
2025-11-24,2901.3762000000024,696.7686000000004
2025-11-25,2903.4695000000024,696.7686000000004
2025-11-26,2923.595300000002,693.5836000000005
2025-11-27,2820.487500000002,706.4661000000006
2025-11-28,2725.809100000002,706.4661000000006
2025-11-29,2815.7849000000024,713.1661000000006
2025-11-30,2669.3745000000026,698.7016000000006
2025-12-01,2654.793200000003,698.7016000000006
2025-12-02,2517.8689000000027,695.5166000000006
2025-12-03,2497.1041000000027,682.5616000000006
2025-12-04,2649.1346000000026,682.5616000000006
2025-12-05,2551.5505000000026,679.1116000000005
2025-12-06,2528.9484000000025,672.0569000000005
2025-12-07,2590.5878000000025,672.0569000000005
2025-12-08,2520.2078000000024,672.0569000000005
2025-12-09,2346.9892000000023,672.0569000000005
2025-12-10,2496.7157000000025,671.3128000000005
2025-12-11,2518.6552000000024,668.3903000000005
2025-12-12,2449.2566000000024,668.3903000000005
2025-12-13,2436.8440000000023,680.0188000000005
2025-12-14,2433.532100000002,674.2072000000005
2025-12-15,2400.302100000002,666.7765000000005
2025-12-16,2476.2021000000022,666.7765000000005
2025-12-17,2544.7467000000024,670.2725000000005
2025-12-18,2549.4339000000023,664.2125000000005
2025-12-19,2586.7251000000024,664.2125000000005
2025-12-20,2598.9524000000024,676.9892000000006
2025-12-21,2347.9644000000026,675.3242000000006
2025-12-22,2328.0944000000027,675.3242000000006
2025-12-23,2269.405200000003,675.3242000000006
2025-12-24,2233.458100000003,667.4567000000006
2025-12-25,2079.886000000003,667.4567000000006
2025-12-26,2051.744500000003,659.0742000000006
2025-12-27,2190.144600000003,712.5054000000006
2025-12-28,2309.937300000003,733.0079000000006
2025-12-29,2249.270500000003,733.0079000000006
2025-12-30,2087.4883000000027,740.6887000000006
2025-12-31,1643.3781000000026,733.7437000000006
2026-01-01,1683.7102000000027,743.4312000000006
2026-01-02,1748.5947000000028,755.4028000000005
2026-01-03,1696.8074000000029,750.6428000000005
2026-01-04,1806.7641000000028,782.7553000000005
2026-01-05,1643.579000000003,782.7553000000005
2026-01-06,1629.794400000003,788.1953000000005
2026-01-07,1749.244800000003,803.5686000000005
2026-01-08,1768.331500000003,808.0486000000005
2026-01-09,1754.530400000003,843.4481000000005
2026-01-10,1708.080000000003,840.5837000000005
2026-01-11,1673.601800000003,862.7537000000004
2026-01-12,1647.6439000000032,827.0212000000005
2026-01-13,1702.7911000000033,820.8437000000005
2026-01-14,1721.8431000000035,803.6037000000005
2026-01-15,1857.3077000000035,819.4537000000005
2026-01-16,1910.1974000000034,835.5587000000005
2026-01-17,2126.1642000000033,839.7987000000005
2026-01-18,2186.2820000000033,852.1712000000005
2026-01-19,2213.4610000000034,827.2999000000004
2026-01-20,1936.5855000000033,811.6324000000004
2026-01-21,2059.3587000000034,844.5736000000004
2026-01-22,2003.2877000000035,841.4851000000004
2026-01-23,1887.5738000000035,841.4851000000004
2026-01-24,2020.6169000000036,911.3286000000005
2026-01-25,2126.1610000000037,892.0986000000005
2026-01-26,1759.3383000000038,883.2466000000005
2026-01-27,1833.0567000000037,883.2466000000005
2026-01-28,1970.8837000000037,874.1116000000005
2026-01-29,1951.7821000000038,855.4025000000005
2026-01-30,2054.351300000004,861.2963000000005
2026-01-31,1873.7663000000039,861.2963000000005
2026-02-01,1911.5466000000038,858.1113000000006
2026-02-02,2048.3948000000037,855.4473000000006
2026-02-03,2002.6766000000036,863.5523000000006
2026-02-04,1954.7814000000037,863.5523000000006
2026-02-05,1840.3090000000038,862.9820000000007
2026-02-06,1815.969000000004,862.9820000000007
2026-02-07,1823.613900000004,853.3220000000007
2026-02-08,1796.119200000004,853.3220000000007
2026-02-09,1789.1984000000039,864.9941000000007
2026-02-10,1610.5680000000038,864.9941000000007
2026-02-11,1761.4058000000039,845.3556000000007
2026-02-12,1671.212700000004,845.3556000000007
2026-02-13,1600.973600000004,847.7226000000006
2026-02-14,1510.103800000004,855.6931000000006
2026-02-15,1608.005200000004,889.2463000000006
2026-02-16,1535.228000000004,883.4063000000006
2026-02-17,1498.069300000004,862.0750000000005
2026-02-18,1666.499100000004,874.8595000000005
2026-02-19,1916.828800000004,876.7147000000004
2026-02-20,2026.590600000004,872.6097000000004
2026-02-21,2114.299000000004,888.2641000000004
2026-02-22,2143.530100000004,888.2641000000004
2026-02-23,2021.945700000004,862.9143000000005
2026-02-24,2112.521700000004,864.0603000000004
2026-02-25,2215.693700000004,873.4178000000004
2026-02-26,2198.379500000004,846.9828000000005
2026-02-27,2234.533300000004,864.5553000000004
2026-02-28,2370.744600000004,856.6196000000004
2026-03-01,2274.886900000004,866.9696000000005
2026-03-02,2341.1289000000043,863.5692000000005
2026-03-03,2439.3169000000044,879.2074000000005
2026-03-04,2520.3499000000043,888.0474000000005
2026-03-05,2449.9070000000042,888.0474000000005
2026-03-06,2672.143200000004,910.1224000000005
2026-03-07,2774.6035000000043,942.9082000000005
2026-03-08,3080.987600000004,963.5203000000006
2026-03-09,2914.574200000004,963.9953000000006
2026-03-10,2709.9938000000043,933.0173000000007
2026-03-11,2643.987900000004,934.4829000000007
2026-03-12,2670.9405000000042,933.3197000000007
2026-03-13,2817.8360000000043,940.1325000000007
2026-03-14,2939.4855000000043,960.9288000000007
2026-03-15,2938.4900000000043,1014.7617000000007
2026-03-16,3086.6371000000045,1001.3517000000007
2026-03-17,3065.0761000000043,1005.4712000000007
2026-03-18,3078.2180000000044,997.1198000000007
2026-03-19,3256.4980000000046,1011.3090000000008
2026-03-20,3287.7500000000045,1029.0762000000009
2026-03-21,3265.7103000000047,1026.607500000001
2026-03-22,3358.241800000005,1026.607500000001
2026-03-23,3340.325500000005,1017.971100000001
2026-03-24,3398.2366000000047,1029.558600000001
2026-03-25,3458.9265000000046,1023.232100000001
2026-03-26,3570.366800000005,1035.294600000001
2026-03-27,3628.8234000000048,1037.963900000001
2026-03-28,3648.326800000005,1037.963900000001
2026-03-29,3542.717300000005,1041.951400000001
2026-03-30,3556.955900000005,1049.230200000001
2026-03-31,3704.900300000005,1051.376000000001
2026-04-01,3478.977500000005,1048.6928000000012
2026-04-02,3517.0001000000047,1055.2153000000012
2026-04-03,3507.630100000005,1052.1261000000013
2026-04-04,3594.352700000005,1063.7060000000013
2026-04-05,3607.1579000000047,1090.1189000000013
2026-04-06,3646.5178000000046,1097.1044000000013
2026-04-07,3600.7723000000046,1101.5473000000013
2026-04-08,3428.525300000005,1082.5937000000013
2026-04-09,3414.709900000005,1088.1895000000013
2026-04-10,3219.365800000005,1066.0094000000013
2026-04-11,3169.143000000005,1066.4899000000012
2026-04-12,3229.295600000005,1065.4149000000011
2026-04-13,3204.0046000000048,1060.3369000000012
2026-04-14,3200.400100000005,1059.3927000000012
2026-04-15,3263.6615000000047,1065.7947000000013
2026-04-16,3315.9645000000046,1057.4069000000013
2026-04-17,3301.6065100000046,1057.4069000000013
2026-04-18,3379.6065100000046,1070.0046000000013
2026-04-19,3418.4463340000048,1088.0711240000014
2026-04-20,3491.7304340000046,1102.1436240000014
2026-04-21,3465.2962340000045,1102.1436240000014
2026-04-22,3566.4183580000044,1115.3928480000013
2026-04-23,3639.5856580000045,1125.3353480000014
2026-04-24,3653.2919420000044,1126.5393480000014
2026-04-25,3694.526291000004,1122.3018480000014
2026-04-26,3732.636191000004,1125.5474480000014
2026-04-27,3884.4041230000043,1136.5398480000015
2026-04-28,3953.1907650000044,1139.3358480000015
2026-04-29,4072.1551900000045,1151.0554730000015
2026-04-30,4232.487590000004,1162.3414730000015
2026-05-01,4206.896502000004,1148.1564730000016
2026-05-02,4200.847702000005,1148.9228730000016
2026-05-03,4182.519202000005,1143.4384730000015
2026-05-04,4265.4472790000045,1147.2146730000015
2026-05-05,4281.163579000005,1139.6821730000015
2026-05-06,4290.435479000004,1140.3468730000016
2026-05-07,4207.758099000004,1130.2309980000016
2026-05-08,4223.583367000004,1169.8222980000016
2026-05-09,4215.424873000004,1171.3239980000017
2026-05-10,4171.033039000004,1170.8769230000016
2026-05-11,4242.593939000004,1169.8139230000015
2026-05-12,4245.728747000004,1169.8139230000015
2026-05-13,4207.882059000004,1173.6036230000016
2026-05-14,4133.613059000004,1154.7411230000016
2026-05-15,4051.015685000004,1137.8268230000017
2026-05-16,4172.446185000004,1154.6518230000017
2026-05-17,4243.928585000004,1154.6518230000017
2026-05-18,4225.878433000004,1154.6518230000017
2026-05-19,4295.777533000004,1163.2597230000017
2026-05-20,4422.329523000004,1186.9272230000017
2026-05-21,4320.022629000004,1167.8612230000017
2026-05-22,4372.167479000003,1177.7073230000017
2026-05-23,4397.677579000004,1177.7073230000017
2026-05-24,4407.943091000004,1179.2532230000018
2026-05-25,4423.946756000004,1184.6205230000019
2026-05-26,4422.661156000004,1173.188023000002
2026-05-27,4485.266610000003,1173.650523000002
2026-05-28,4547.448210000003,1174.6664230000022
2026-05-29,4639.816915000003,1174.6664230000022
2026-05-30,4488.010250000003,1179.7684230000023
2026-05-31,4517.882670000003,1180.5467230000022
2026-06-01,4505.797774000002,1173.2951230000021
2026-06-02,4483.240055000002,1178.8855230000022
2026-06-03,4490.492555000002,1176.334223000002
2026-06-04,4494.6709660000015,1192.2642230000022
2026-06-05,4435.571466000001,1192.4524230000022
2026-06-06,4435.2379660000015,1192.4524230000022
2026-06-07,4536.684496000002,1208.8641230000023
2026-06-08,4572.1942960000015,1208.8641230000023
2026-06-09,4562.870696000002,1207.9828230000023
2026-06-10,4524.799049000002,1207.9828230000023
2026-06-11,4523.290249000002,1207.7300230000023
2026-06-12,4620.646329000002,1208.3360230000023
2026-06-13,4546.690329000002,1215.3918230000024
2026-06-14,4534.813866000002,1218.3375230000024
2026-06-15,4520.599233000003,1211.8259230000024
2026-06-16,4431.612833000003,1206.3278230000024
2026-06-17,4466.490844000003,1218.7595230000024
2026-06-18,4461.862844000003,1218.7595230000024
2026-06-19,4504.630944000003,1232.2607230000024
2026-06-20,4519.952448000003,1247.5882230000025
2026-06-21,4507.487889000003,1283.4557230000025
2026-06-22,4593.4857390000025,1283.2967230000024
2026-06-23,4504.670734000002,1268.1226180000024
2026-06-24,4502.3518090000025,1272.1482180000023
2026-06-25,4546.951309000003,1276.8946180000023
2026-06-26,4560.232709000003,1278.3874180000023
2026-06-27,4585.784023000003,1278.3874180000023
2026-06-28,4660.462223000003,1278.3874180000023
2026-06-29,4676.808423000003,1282.6779680000022
2026-06-30,4747.151731000004,1290.1079680000023
2026-07-01,4700.337531000004,1268.9227680000024
2026-07-02,4690.757531000004,1266.5277680000024
2026-07-03,4432.797886000004,1236.9753680000024
2026-07-04,4570.8309160000035,1235.4591980000023
2026-07-05,4529.879263000003,1251.9281980000023
2026-07-06,4637.210677000004,1264.5656980000024
2026-07-07,4709.520905000004,1277.3556980000023
2026-07-08,4732.283005000004,1278.8631980000023
2026-07-09,4733.696781000004,1275.9406980000024
2026-07-10,4526.758808000004,1258.3062980000025
2026-07-11,4603.323502000004,1256.1762980000024
2026-07-12,4737.643958000004,1257.6259980000023
2026-07-13,4740.265556000004,1257.9667980000022
2026-07-14,4830.533782000004,1277.1242980000022
2026-07-15,4991.840282000004,1277.1242980000022
2026-07-16,4845.194368000004,1277.1242980000022
2026-07-17,5024.009557000004,1301.1317980000022
2026-07-18,4593.183826000004,1276.0732400000022
2026-07-19,4584.987724000004,1262.428740000002
2026-07-20,4536.335672000004,1260.910740000002
2026-07-21,4550.215672000004,1263.637140000002
2026-07-22,4544.685164000004,1275.601740000002
2026-07-23,4599.226664000004,1260.652740000002
2026-07-24,4579.3368240000045,1260.462340000002
2026-07-25,4567.665760000004,1265.609320000002
2026-07-26,4378.304484000005,1224.141420000002
2026-07-27,4479.497328000005,1224.141420000002
2026-07-28,4400.332928000005,1224.141420000002
2026-07-29,4508.030000000005,1220.049920000002
2026-07-30,4534.706783000005,1219.3039200000019
2026-07-31,4531.745283000005,1219.3039200000019
2026-08-01,4422.663166000005,1221.7886200000019
2026-08-02,4428.951733000004,1245.108020000002
2026-08-03,4436.593109000004,1238.788020000002
2026-08-04,4392.369109000004,1236.662020000002
2026-08-05,4354.722807000004,1236.662020000002
2026-08-06,4307.846997000004,1235.984520000002
2026-08-07,4165.7976970000045,1235.984520000002
2026-08-08,4073.0271550000043,1270.491920000002
2026-08-09,3715.9031180000043,1210.834420000002
2026-08-10,3691.0242830000043,1205.510320000002
2026-08-11,3696.9107170000043,1192.775320000002
2026-08-12,3741.166717000004,1214.873820000002
2026-08-13,3719.938217000004,1226.065820000002
2026-08-14,4123.326717000004,1280.478320000002
2026-08-15,4078.3957020000034,1282.038260000002
2026-08-16,3947.3009030000035,1309.3251600000021
2026-08-17,3770.0581070000035,1309.3251600000021
2026-08-18,3802.3132070000033,1309.3251600000021
2026-08-19,3756.6630330000035,1309.3251600000021
2026-08-20,3690.6407030000037,1309.3251600000021
2026-08-21,3649.5227030000037,1309.3251600000021
2026-08-22,3661.619003000004,1309.3251600000021
2026-08-23,3624.289903000004,1309.3251600000021
2026-08-24,3624.289903000004,1309.3251600000021
2026-08-25,3619.154403000004,1309.3251600000021
2026-08-26,3623.362357000004,1309.3251600000021
2026-08-27,3627.657807000004,1309.3251600000021
2026-08-28,3628.014162000004,1309.3251600000021
2026-08-29,3640.848103000004,1293.625035000002
2026-08-30,3581.371588000004,1293.964235000002
2026-08-31,3596.7421880000043,1293.964235000002
2026-09-01,3595.2981880000043,1293.964235000002
2026-09-02,3594.2982040000043,1293.964235000002
2026-09-03,3594.2982040000043,1293.964235000002
2026-09-04,3612.134704000004,1293.964235000002
2026-09-05,3600.846326000004,1293.964235000002
2026-09-06,3675.406351000004,1309.706735000002
2026-09-07,3698.365323000004,1306.986745000002
2026-09-08,3741.608279000004,1306.547201000002
2026-09-09,3705.564174000004,1306.547201000002
2026-09-10,3701.472674000004,1306.547201000002
2026-09-11,3817.0094520000043,1306.547201000002
2026-09-12,3609.6677020000043,1319.0972010000019
2026-09-13,3362.1511210000044,1282.3744010000019
2026-09-14,3395.6750210000046,1282.3744010000019
2026-09-15,3386.0950210000046,1282.3744010000019
2026-09-16,3409.1841850000046,1282.3744010000019
2026-09-17,3410.5729580000047,1282.3744010000019
2026-09-18,3385.215358000005,1282.3744010000019
2026-09-19,3323.327346000005,1285.5601010000019
2026-09-20,3366.720066000005,1285.5601010000019
2026-09-21,3349.730066000005,1285.5601010000019
2026-09-22,3398.0968860000053,1285.5601010000019
2026-09-23,3394.369786000005,1285.5601010000019
2026-09-24,3387.983236000005,1285.5601010000019
2026-09-25,3389.361012000005,1285.5601010000019
2026-09-26,3024.713608000005,1278.0913010000017
2026-09-27,3041.530283000005,1294.7013010000016
2026-09-28,3041.530283000005,1294.7013010000016
2026-09-29,3041.090783000005,1294.7013010000016
2026-09-30,3041.2203830000053,1295.5844010000017
2026-10-01,3051.060683000005,1295.5844010000017
