day,series,events,bets,pnl_c
2026-10-02,KXBTC,24,0,0.0
2026-10-02,KXETH,24,1,-21.12
2026-10-03,KXBTC,24,5,95.75
2026-10-03,KXETH,24,4,12.129999999999995
2026-10-04,KXBTC,24,8,-16.29000000000001
2026-10-04,KXETH,24,4,-69.41000000000003
2026-10-05,KXBTC,24,3,-57.05
2026-10-05,KXETH,24,3,130.43
2026-10-06,KXBTC,24,2,6.5
2026-10-06,KXETH,24,3,6.710000000000001
2026-10-07,KXBTC,24,1,-26.32
2026-10-07,KXETH,24,6,89.61
2026-10-08,KXBTC,20,0,0.0
2026-10-08,KXETH,20,1,-13.8
2026-10-09,KXBTC,24,4,23.94
2026-10-09,KXETH,24,0,0.0
2026-10-10,KXBTC,24,3,47.86999999999999
2026-10-10,KXETH,24,7,-209.86999999999998
